timestamp,ee_pos_x,ee_pos_y,ee_pos_z,ee_rot_x,ee_rot_y,ee_rot_z,link_1_to_link_2_torque,link_2_to_link_3_torque,link_3_to_link_4_torque,link_4_to_gripper_torque
0.0002181529998779297,0.0,0.0,0.68,0.0,-0.0,0.0,0.0,0.0,0.0,0.0
0.012876033782958984,0.0,0.0,0.68,0.0,-0.0,0.0,-8.514574233271096,-8.437712284338385,-4.176923980756625,-0.06931350587528673
0.052378177642822266,0.001203351897917552,0.0,0.6799965968708984,-0.0,0.010121132838588447,-0.0,-4.184779202163947,-3.810973393046344,-1.5727553328256303,-0.024277339373494612
0.09524869918823242,0.0028296161574721665,0.0,0.6799827862275305,-0.0,0.022121260170942736,-0.0,-2.6972253827173667,-2.321986899472519,-0.9251895786467202,-0.014029540498036062
0.13660931587219238,0.004702708564256884,0.0,0.6799551263793902,-0.0,0.03496734134408516,-0.0,-2.1486263171793114,-1.7951613397781656,-0.7007675587811516,-0.010495597419610448
0.17916584014892578,0.006763252397937227,0.0,0.6799111318710567,-0.0,0.048356378307014294,-0.0,-1.857980742199869,-1.5300304663916622,-0.5908765605270215,-0.008774773957866664
0.21888136863708496,0.008983420463941957,0.0,0.679848548247245,-0.0,0.062177955743900684,-0.0,-1.6474178331141172,-1.343917702407462,-0.5150967815944547,-0.007590540099582638
0.26198768615722656,0.011344743265904785,0.0,0.6797652509248371,-0.0,0.0763746785431965,-0.0,-1.469543227485203,-1.1883897722632952,-0.4521599581084168,-0.006605757661900525
0.30314040184020996,0.013832241868784543,0.0,0.6796592580281793,-0.0,0.0909057101660154,-0.0,-1.310893524439771,-1.0498969649902012,-0.3961616231433969,-0.005727218047067997
0.3462953567504883,0.01643280170712587,0.0,0.6795287466114274,-0.0,0.10573704772543943,-0.0,-1.1669134181502256,-0.9240249924044229,-0.3452154474369382,-0.004925455928183035
0.3853874206542969,0.019134655806225496,0.0,0.6793720592923005,-0.0,0.12083875025555593,-0.0,-1.035461810605756,-0.8088156548761856,-0.29851092382188277,-0.004188030220797846
0.4283778667449951,0.021927165093732742,0.0,0.6791877037192317,-0.0,0.13618399298052122,-0.0,-0.9151189753108049,-0.7030279236769968,-0.2555479649160897,-0.0035073776953371927
0.4695887565612793,0.02480068437692614,0.0,0.6789743477268105,-0.0,0.15174861709838028,-0.0,-0.8047384399129145,-0.6056795680045863,-0.2159356261913662,-0.0028776241890891814
0.5123794078826904,0.027746458316718334,0.0,0.6787308119680505,-0.0,0.16751082826355698,-0.0,-0.7033222470820909,-0.5159212257401495,-0.17933720379398638,-0.0022937190531481387
0.5534703731536865,0.030756532167261805,0.0,0.6784560610986372,-0.0,0.18345095194067182,-0.0,-0.6099808493828562,-0.43299727506249963,-0.14545349286160444,-0.0017511745477876524
0.5957455635070801,0.03382367260981399,0.0,0.6781491941998208,-0.0,0.19955122003397352,-0.0,-0.5239157150613368,-0.35622982263716985,-0.11401616263496601,-0.0012459650533264218
0.6364040374755859,0.03694129682253197,0.0,0.6778094349053365,-0.0,0.21579558052493147,-0.0,-0.44440852707598194,-0.28500925616331513,-0.08478396733916882,-0.0007744706325010962
0.6790599822998047,0.04010340872641467,0.0,0.6774361215570306,-0.0,0.23216952649851944,-0.0,-0.3708127279845516,-0.2187870196765142,-0.0575398890133101,-0.00033343483210736003
0.719970703125,0.04330454161678203,0.0,0.6770286976157402,-0.0,0.24865994228813507,-0.0,-0.30254624460069834,-0.15706943662872752,-0.03208870178870239,8.007128882058287e-05
0.7621183395385742,0.046539706514751186,0.0,0.6765867024818535,-0.0,0.2652549649503826,-0.0,-0.0741642678287659,0.029131795100867157,0.03942580559205025,0.0011628257273441833
0.8030996322631836,0.049792186261238776,0.0,0.6761110166893155,-0.0,0.28193300614536965,-0.0,0.1264203895465243,0.2009238527063866,0.10757305435340177,0.0022108132388711866
0.845944881439209,0.05304596372957336,0.0,0.6756031719724689,-0.0,0.2986538798473451,-0.0,0.17750716805988215,0.2556981926617018,0.13215946768451609,0.002622862618312603
0.8869154453277588,0.056296217711766114,0.0,0.675063879552845,-0.0,0.31538915885356417,-0.0,0.2016877870881126,0.2828144453188108,0.1445973820411417,0.002842679096463362
0.9284939765930176,0.05954144345699071,0.0,0.6744933743288983,-0.0,0.33213144036354364,-0.0,0.21887953129832216,0.30273428084827225,0.1538626300314097,0.003011979756421256
0.9690208435058594,0.06278099671578072,0.0,0.6738917614211587,-0.0,0.3488787849093266,-0.0,0.23425718823321362,0.32077554096518607,0.16228698534737085,0.0031675413879521694
1.0123674869537354,0.06601445639887865,0.0,0.6732591130471872,-0.0,0.36563067033953306,-0.0,0.24916345386584549,0.3383179917794863,0.1704747699646739,0.0033188720663441963
1.053037405014038,0.06924145942554565,0.0,0.6725954954466958,-0.0,0.3823869410036159,-0.0,0.2639460809041154,0.3557184667061237,0.1785816726423869,0.0034684023644779285
1.0950517654418945,0.07246165802017773,0.0,0.6719009763262903,-0.0,0.3991475351727386,-0.0,0.27869481590685724,0.37306840273415875,0.18664700886083374,0.0036167282881163537
1.1366288661956787,0.07567470872084325,0.0,0.6711756269094602,-0.0,0.41591241443205035,-0.0,0.2934325852866845,0.3903904657912217,0.1946799469965381,0.003763971047913236
1.1782143115997314,0.07888026958953162,0.0,0.670419522499867,-0.0,0.43268154542481446,-0.0,0.30816503227497377,0.40768952352803345,0.20268185759823795,0.0039101292789972325
1.2197227478027344,0.08207799954076753,0.0,0.6696327426362992,-0.0,0.449454895149013,-0.0,0.32289333497235184,0.4249658422532957,0.21065209873540242,0.004055170161332929
1.2617971897125244,0.08526755821673412,0.0,0.6688153711353543,-0.0,0.46623242975790063,-0.0,0.3376175185029028,0.44221849907453026,0.21858951168860696,0.004199052967733424
1.3032581806182861,0.08844860600334706,0.0,0.6679674961027322,-0.0,0.48301411426560065,-0.0,0.3523373096711514,0.45944626299230906,0.2264928072312563,0.004341735148498374
1.3460519313812256,0.09162080408278545,0.0,0.6670892099351398,-0.0,0.4997999124865066,-0.0,0.3670523572251882,0.4766478222189616,0.2343606654016635,0.004483173909389967
1.3869564533233643,0.09478381449558027,0.0,0.6661806093187452,-0.0,0.5165897870353782,-0.0,0.38176228860429995,0.4938218428791319,0.24219176139392604,0.004623326628350746
1.4284253120422363,0.09793730020532841,0.0,0.665241795225789,-0.0,0.5333836993435259,-0.0,0.3964667246085354,0.510966984290603,0.24998477242746228,0.004762150973434006
1.4697933197021484,0.10108092516422827,0.0,0.6642728729097647,-0.0,0.5501816096796066,-0.0,0.41116528325878976,0.5280819030837114,0.2577383797275212,0.004899604943942775
1.511894941329956,0.10421435437894783,0.0,0.6632739518992794,-0.0,0.56698347717205,-0.0,0.4258575808854041,0.5451652544574813,0.26545126925128304,0.0050356468918191025
1.5528459548950195,0.10733725397667304,0.0,0.662245145990612,-0.0,0.5837892598323366,-0.0,0.4405432325077083,0.5622156927031972,0.2731221320926114,0.005170235537910239
1.5945754051208496,0.11044929127126996,0.0,0.6611865732389739,-0.0,0.6005989145788996,-0.0,0.4554247306903063,0.5794513288372926,0.28094620744939713,0.0053575039527088844
1.6357858180999756,0.113549370741968,0.0,0.660098904433307,-0.0,0.6173164091974794,-0.0,0.47184081335129613,0.5983273837540257,0.2901745586554768,0.005923059067995079
1.6786656379699707,0.11663107124996755,0.0,0.6589868449473969,-0.0,0.6331656744901363,-0.0,0.4872983358820586,0.6161121706967334,0.297999752389969,0.005966738365694209
1.7187297344207764,0.11969484968687454,0.0,0.6578503984534962,-0.0,0.6482308910192627,-0.0,0.5018675263445916,0.6329370761258086,0.3053827100805653,0.0060038798677943955
1.7603046894073486,0.1227411740139274,0.0,0.6566895193373292,-0.0,0.6625885426788435,-0.0,0.516236859016334,0.6495198561749544,0.31263569963094784,0.006039734771463691
1.8020882606506348,0.12577045218268357,0.0,0.6555041493714958,-0.0,0.6763076770566878,-0.0,0.5305753781016587,0.6660365823482877,0.31983432365342873,0.006075762710230824
1.8449037075042725,0.12878302165812336,0.0,0.6542942301311012,-0.0,0.6894505213641275,-0.0,0.5449222249137007,0.6825276525071446,0.3269949634695202,0.006112420344953285
1.8859803676605225,0.1317791532689715,0.0,0.6530597083411872,-0.0,0.7020731326358134,-0.0,0.5592843576146633,0.6989997660147294,0.33411933505171093,0.006149873058602271
1.9271588325500488,0.13475905789402923,0.0,0.6518005387803861,-0.0,0.7142260069315322,-0.0,0.5736609816086584,0.7154514542862696,0.34120563986359287,0.0061881828700547726
1.9684522151947021,0.1377228931974023,0.0,0.6505166860729775,-0.0,0.7259546336210968,-0.0,0.5880496203838581,0.7318794388846694,0.34825133931182367,0.006227363129681646
2.011430501937866,0.1406707697926844,0.0,0.6492081258224474,-0.0,0.7372999957354891,-0.0,0.602447600713622,0.7482801944909826,0.3552538345709476,0.006267398275430519
2.0524346828460693,0.14360275674900813,0.0,0.6478748452902856,-0.0,0.748299020652115,-0.0,0.6168523973419969,0.7646503170365805,0.36221062455669334,0.0063082535512013925
2.093647003173828,0.14651888647739053,0.0,0.6465168437413041,-0.0,0.7589849858002684,-0.0,0.6312616965482865,0.7809865962630352,0.3691193348687377,0.006349881165934122
2.1353542804718018,0.14941915906040049,0.0,0.6451341325409168,-0.0,0.7693878838149194,-0.0,0.6456733922951238,0.797286016695945,0.3759777155691551,0.006392224721000563
2.1781556606292725,0.15230354608822774,0.0,0.6437267350689276,-0.0,0.7795347511765411,-0.0,0.660085567829315,0.8135457425997961,0.38278363209824856,0.006435222533218604
2.2190747261047363,0.15517199405875465,0.0,0.6422946864997023,-0.0,0.7894499639839774,-0.0,0.6744964756403313,0.8297631005699335,0.3895350553143711,0.006478810148547066
2.260058879852295,0.15802442739293235,0.0,0.6408380334874411,-0.0,0.7991555041459062,-0.0,0.6889045187775258,0.8459355630087706,0.39623005208779233,0.0065229222316219365
2.301870822906494,0.1608607511107875,0.0,0.6393568337865412,-0.0,0.8086711989487545,-0.0,0.7033082340846477,0.8620607331541543,0.4028667767439737,0.006567493966861661
2.345264196395874,0.16368085320798645,0.0,0.6378511558301607,-0.0,0.8180149366633439,-0.0,0.7177062773180669,0.878136331693892,0.40944346336888077,0.006612462076708245
2.3859519958496094,0.1664846067680848,0.0,0.6363210782846594,-0.0,0.8272028605864046,-0.0,0.732097409982232,0.8941601848506919,0.41595841891974195,0.006657765540657381
2.427159070968628,0.16927187184134546,0.0,0.6347666895933078,-0.0,0.836249543673489,-0.0,0.7464804876970481,0.9101302137935674,0.4224100170699919,0.006703346081672577
2.4684009552001953,0.17204249711727815,0.0,0.6331880875192849,-0.0,0.8451681457041917,-0.0,0.7608544499218893,0.9260444252346657,0.42879669271711884,0.006749148472997932
2.512584686279297,0.17479632141477233,0.0,0.6315853786953343,-0.0,0.85397055472648,-0.0,0.7752183108768665,0.9419009030810558,0.43511693708618554,0.006795120707500384
2.5536534786224365,0.17753317501082008,0.0,0.6299586781853844,-0.0,0.8626675143522755,-0.0,0.7895711515191621,0.9576978010233702,0.4413692933670999,0.006841214062938811
2.5946240425109863,0.18025288082630536,0.0,0.6283081090618203,-0.0,0.8712687383192013,-0.0,0.8038313196726056,0.973335472451474,0.4474629443312691,0.006863601043405317
2.6364996433258057,0.1829555170009649,0.0,0.626633482495086,-0.0,0.8798250823121821,-0.0,0.8180363843896599,0.9888640485629014,0.4534684170739987,0.0068894421160892
2.6785287857055664,0.18564113342896618,0.0,0.6249346256800785,-0.0,0.8883837821466836,-0.0,0.8323118313823714,1.0044299852012437,0.4594975733481613,0.0069437055192515295
2.720442533493042,0.18830948295192368,0.0,0.623211721858044,-0.0,0.8969448353482321,-0.0,0.8466255481766322,1.0199862996862694,0.4654774233495214,0.006997875157935655
2.761814832687378,0.1909603147091928,0.0,0.6214649615389248,-0.0,0.9055081920508548,-0.0,0.860934501117689,1.035485568330945,0.4713868928627112,0.007051635000523899
2.8029277324676514,0.19359337878002628,0.0,0.619694539265978,-0.0,0.9140737911801506,-0.0,0.875228456652774,1.050915841800916,0.477220314914433,0.007104908098461464
2.8458614349365234,0.19620842728636567,0.0,0.617900652829441,-0.0,0.9226415688708975,-0.0,0.8895047798743029,1.066273408789575,0.48297560733420386,0.0071576730455820605
2.8869168758392334,0.19880521467957651,0.0,0.6160835030565862,-0.0,0.9312114604343714,-0.0,0.9037625902166466,1.081556467406375,0.48865152669062717,0.00720992130370516
2.9281809329986572,0.20138349783942663,0.0,0.6142432937363886,-0.0,0.9397834008330475,-0.0,0.9180014117137942,1.0967636607285312,0.49424703315372115,0.007261647321761095
2.968865394592285,0.20394303612964357,0.0,0.6123802315750552,-0.0,0.9483573248111289,-0.0,0.9322208625977126,1.1118937394245667,0.4997611443164515,0.00731284625837197
3.011971950531006,0.20648359144305867,0.0,0.6104945261581671,-0.0,0.9569331669458286,-0.0,0.9464205842407483,1.1269454844569537,0.5051929018075301,0.007363513460111898
3.0533902645111084,0.20900492824384456,0.0,0.6085863899138075,-0.0,0.9655108616802612,-0.0,0.9606002249815461,1.1419176895471002,0.5105413638114222,0.007413644343460988
3.094273805618286,0.21150681360853768,0.0,0.6066560380753788,-0.0,0.9740903433518621,-0.0,0.9747594364806417,1.1568091573122667,0.5158056035112673,0.007463234369176946
3.1363601684570312,0.21398901726621927,0.0,0.6047036886438324,-0.0,0.9826715462195024,-0.0,0.9888978729224998,1.1716186985144583,0.5209847088775195,0.007512279037718537
3.1780824661254883,0.2164513116379285,0.0,0.6027295623492569,-0.0,0.9912544044899942,-0.0,1.003015190859617,1.1863451320120628,0.5260777827584121,0.007560773889428087
3.21958589553833,0.21889347187531452,0.0,0.6007338826118263,-0.0,0.9998388523441666,-0.0,1.128307554353117,1.3353852305458398,0.6385473589778878,0.009517049816146496
3.2617132663726807,0.22129691420632897,0.0,0.5987444735521066,-0.0,1.008109187755286,-0.0,1.2906717461246227,1.5297495305228384,0.7743202802110554,0.011860841314624239
3.3029093742370605,0.22363995346276277,0.0,0.5967951922122602,-0.0,1.015699009955385,-0.0,1.3194833938364765,1.563705948169382,0.7788409855222769,0.0118727806873739
3.34597110748291,0.22592380241647414,0.0,0.5948864887478759,-0.0,1.022630947844194,-0.0,1.310248514902842,1.554370851131544,0.7651761611725967,0.011602043068942565
3.386906147003174,0.22815302158821366,0.0,0.5930151313147183,-0.0,1.028958303478398,-0.0,1.2956666356694977,1.5384666313433335,0.7491480251047493,0.011297758573060826
3.428133964538574,0.23033236170870372,0.0,0.5911773335598962,-0.0,1.034736198891545,-0.0,1.2824636248674752,1.5236391927946467,0.7340274560518516,0.011011266144075231
3.4700331687927246,0.23246615448956465,0.0,0.589369430952518,-0.0,1.0400158027750392,-0.0,1.2717890652983492,1.5112617182085226,0.7203786452727676,0.0107512164757862
3.511716604232788,0.23455824124752214,0.0,0.5875880170038568,-0.0,1.0448435200890909,-0.0,1.2636287949545577,1.5013838035301046,0.7081953856220558,0.010517265831090535
3.5534095764160156,0.23661200852029068,0.0,0.5858299602169503,-0.0,1.049261210350694,-0.0,1.257751155231383,1.493797623952111,0.6973613639279681,0.010307344209499253
3.595351219177246,0.23863043963097266,0.0,0.5840923943795995,-0.0,1.0533065877904888,-0.0,1.2539058288117635,1.4882641805896077,0.6877479453484016,0.010119201351829228
3.6362955570220947,0.24061616377948597,0.0,0.5823727028077591,-0.0,1.057013625022583,-0.0,1.2518627306146743,1.48455903399736,0.6792340255008102,0.009950720957281422
3.6794941425323486,0.24257149957839583,0.0,0.5806685013449696,-0.0,1.0604129255662333,-0.0,1.2514171909395138,1.4824796614632834,0.671709287067745,0.009799972073659551
3.720268726348877,0.24449849308479116,0.0,0.5789776214029446,-0.0,1.0635320610226957,-0.0,1.252388376685943,1.481844899141021,0.665074007980337,0.009665205644132117
3.76163649559021,0.24639895093965258,0.0,0.5772980934932054,-0.0,1.0663958748934386,-0.0,1.2546166340752414,1.4824929442777215,0.6592382193607322,0.009544840580106953
3.803109645843506,0.24827446925679542,0.0,0.5756281314617845,-0.0,1.069026756052206,-0.0,1.2579609106878882,1.484279268263336,0.6541208006284478,0.009437448727346894
3.843437433242798,0.2501264588355854,0.0,0.5739661175437125,-0.0,1.0714448848415656,-0.0,1.2622964602874613,1.4870747030005305,0.6496486296026485,0.00934174063938173
3.8868095874786377,0.2519561671940973,0.0,0.5723105883003854,-0.0,1.0736684545222492,-0.0,1.3226336827254195,1.534266322910482,0.660661825222516,0.009478416270120154
3.9280028343200684,0.2537612882864858,0.0,0.5706627643282342,-0.0,1.0757079512933458,-0.0,1.752260188893517,1.875862268470644,0.7736763610707444,0.01114293272942986
3.968660354614258,0.2555165677326373,0.0,0.5690416971890506,-0.0,1.0775268270333793,-0.0,1.7753041490609403,1.9151628343658307,0.7885236369951056,0.011375030544517419
4.013399839401245,0.2572209714714891,0.0,0.5674511359140161,-0.0,1.0790935909916948,-0.0,1.7585080920656744,1.9063234633686483,0.7823486531361259,0.011269289343009676
4.05333948135376,0.25887694098772673,0.0,0.565890054806123,-0.0,1.0804173502700847,-0.0,1.7369022748824081,1.8906324513660522,0.7731025289767723,0.011113501012159207
4.094543695449829,0.260487309204179,0.0,0.5643566677705497,-0.0,1.0815136085838997,-0.0,1.7169869691955189,1.8758727906430201,0.7641817633869461,0.010962245212814498
4.136098146438599,0.26205473597959006,0.0,0.5628492011093608,-0.0,1.0823977393688493,-0.0,1.6997379310281493,1.8633125394710532,0.7561503617607818,0.010824670754006347
4.179584264755249,0.26358162723977396,0.0,0.5613660304544374,-0.0,1.0830838568119476,-0.0,1.685090753138024,1.852980152882904,0.7490320413861282,0.01070124336511672
4.219028472900391,0.26507014390925693,0.0,0.5599056945552524,-0.0,1.0835847222312438,-0.0,1.6728069310964995,1.844686976901212,0.7427548387684575,0.010590879828579884
4.261589050292969,0.26652222523648383,0.0,0.5584668861152399,-0.0,1.0839118379575465,-0.0,1.6626378989960569,1.8382223889048581,0.7372361090301871,0.01049231408730628
4.302725315093994,0.26793961242065795,0.0,0.5570484390936591,-0.0,1.084075565997689,-0.0,1.6543539796395121,1.83338922085362,0.7323980611260564,0.010404348258016925
4.346947193145752,0.26932387014718645,0.0,0.555649316175752,-0.0,1.0840852413406716,-0.0,1.647747719739867,1.8300087176270972,0.7281700263834616,0.01032589015393078
4.386385202407837,0.27067640582888164,0.0,0.5542685970752745,-0.0,1.0839492751651019,-0.0,2.332557343721913,2.609745927791825,1.0569531887775068,0.01541361893679002
4.427977085113525,0.27194716209479963,0.0,0.5529797080391259,-0.0,1.083386649000297,-0.0,2.6021830851219745,2.934755683203078,1.1955228709181076,0.01758666973210084
4.4686737060546875,0.2731170960338194,0.0,0.5518150981252223,-0.0,1.0822175913212868,-0.0,2.5675107240489603,2.9093813126068224,1.1844427860494067,0.01741484820812318
4.5132317543029785,0.27419024407857673,0.0,0.5507733738837206,-0.0,1.0804297600036263,-0.0,2.48508739426405,2.823228082520624,1.1466036148934649,0.01681058027990521
4.5531651973724365,0.2751742732961905,0.0,0.5498466413161205,-0.0,1.0780624861642492,-0.0,2.4021329539728806,2.733431977753852,1.1069238403901207,0.01617429150940654
4.5943639278411865,0.2760767232648803,0.0,0.5490263821959405,-0.0,1.0751612155975967,-0.0,2.3270914522829838,2.6506127438388085,1.0700791021698228,0.01558132184471771
4.63717794418335,0.276904366836823,0.0,0.5483045923367473,-0.0,1.071768738893595,-0.0,2.2607120431682057,2.5760726612617164,1.036679353876044,0.015041679923433464
4.67952561378479,0.27766318004545004,0.0,0.5476739581926091,-0.0,1.0679238392629251,-0.0,2.202318017292361,2.509332271792239,1.0065501284272291,0.01455274520058674
4.719218969345093,0.278358419463573,0.0,0.5471278421091992,-0.0,1.063661389608157,-0.0,2.1510496836770434,2.4496366899367654,0.9793901417168226,0.014109834979483538
4.761454343795776,0.27899470907795837,0.0,0.5466602322114148,-0.0,1.0590126998360094,-0.0,2.1060988444122497,2.3962474925257733,0.9548997641875301,0.013708271798769992
4.80362606048584,0.27957611906520163,0.0,0.5462656883599902,-0.0,1.0540058787469606,-0.0,2.0546328289546136,2.332758245839196,0.920946587235816,0.01313508916695577
4.84579610824585,0.2801077243718942,0.0,0.5459359700499224,-0.0,1.0487003415414822,-0.0,2.0172486530255624,2.2865000819626196,0.899577008473726,0.012781162191141941
4.884563446044922,0.2805929190624837,0.0,0.5456663094557443,-0.0,1.0431211472702084,-0.0,1.98717819289303,2.248319499498007,0.8818306036970354,0.012484672372949033
4.926339387893677,0.2810344874175748,0.0,0.5454527838205456,-0.0,1.0372876441385377,-0.0,1.9615342977220374,2.214801974121234,0.8660843158491567,0.012219120760625661
4.968241214752197,0.2814348481991902,0.0,0.5452919218836183,-0.0,1.0312166643724507,-0.0,1.9393979437506925,2.184933507732233,0.8519037191827044,0.011977602237150982
5.012635231018066,0.2817961297582432,0.0,0.5451806059874102,-0.0,1.0249232007227387,-0.0,1.920292691929455,2.15822216865738,0.8390810492389184,0.011756843382668962
5.053043603897095,0.28212020993572073,0.0,0.5451160270742675,-0.0,1.0184206783868286,-0.0,1.9038610169413084,2.13430766809301,0.8274647371934449,0.011554465368097174
5.094340801239014,0.28240874599773097,0.0,0.5450956522202792,-0.0,1.0117211340136731,-0.0,1.8897978400829551,2.1128827254627964,0.8169252556852985,0.011368436476565307
5.136917591094971,0.2826631999007043,0.0,0.5451171967416569,-0.0,1.0048353635569076,-0.0,1.877834238937513,2.0936749919917763,0.8073474151443343,0.011196949371414194
5.179572582244873,0.28288486027574183,0.0,0.5451785991709558,-0.0,0.9977730522863926,-0.0,1.867731272035381,2.0764409633747816,0.7986278701172004,0.011038381941079504
5.21963095664978,0.28307486171527935,0.0,0.5452779986140474,-0.0,0.9905428907746721,-0.0,1.8592761357373062,2.0609624848757617,0.7906737299261473,0.010891275736542349
5.261554002761841,0.28323420174474107,0.0,0.5454137142404313,-0.0,0.9831526787119687,-0.0,1.8522791026075012,2.047044006922106,0.7834014721360818,0.01075431900349319
5.303508520126343,0.2833637557847854,0.0,0.545584226715088,-0.0,0.9756094179044958,-0.0,1.8465708937673921,2.0345102030283795,0.7767359918438077,0.010626331575572757
5.345816373825073,0.2834642903622689,0.0,0.5457881614003928,-0.0,0.9679193956063268,-0.0,1.842000371320728,2.023203842855995,0.7706097423509106,0.010506251199307835
5.38554310798645,0.2835364747912318,0.0,0.5460242731702998,-0.0,0.9600882591988169,-0.0,1.8384324909841492,2.0129838773696513,0.764961953028978,0.010393121411584947
5.428787469863892,0.28358089151473165,0.0,0.5462914326910002,-0.0,0.9521210831208383,-0.0,1.8357464855037995,2.0037237224128837,0.7597379255897236,0.010286080800844343
5.470056533813477,0.28359804527278687,0.0,0.5465886140333124,-0.0,0.9440224288595145,-0.0,1.833834268291157,1.9953097370325685,0.7548884121182322,0.0101843533110248
5.5128173828125,0.28358837123998426,0.0,0.5469148834925572,-0.0,0.9357963987288344,-0.0,1.8325990403187498,1.9876398803040194,0.7503690673539962,0.010087239578152737
5.553037643432617,0.28355224225753217,0.0,0.5472693895020398,-0.0,0.9274466840873139,-0.0,1.831954066215322,1.9806225144210128,0.7461399587366564,0.00999410937734221
5.595154762268066,0.28348997526849895,0.0,0.547651353535909,-0.0,0.9189766085786477,-0.0,1.8318216068758804,1.9741753504105541,0.742165131821043,0.0099043951204581
5.636245489120483,0.2834018370497532,0.0,0.5480600619084817,-0.0,0.9103891669005344,-0.0,1.8321319496829733,1.9682244766916699,0.7384122058678364,0.00981758576680286
5.679333925247192,0.28328804932368323,0.0,0.5484948583832154,-0.0,0.901687059571413,-0.0,1.8328225485002165,1.9627034919352642,0.7348520111476466,0.009733221220374679
5.720094442367554,0.283148793322051,0.0,0.5489551375130577,-0.0,0.8928727241106935,-0.0,1.8338372614833645,1.9575527317125079,0.7314582647985809,0.009650887216404171
5.761667728424072,0.2829842138652327,0.0,0.5494403386414063,-0.0,0.8839483630022565,-0.0,1.8351256729894423,1.9527185753611733,0.7282072793085992,0.009570210694701256
5.803527593612671,0.2827944230125202,0.0,0.5499499404993424,-0.0,0.8749159687738194,-0.0,1.8366424907982646,1.948152825639939,0.7250776997812363,0.009490855658601747
5.845870494842529,0.2825795033324597,0.0,0.5504834563408216,-0.0,0.8657773464903205,-0.0,1.8383470111301117,1.9438121327021771,0.7220502655156149,0.009412519486861346
5.886043310165405,0.2823395108363727,0.0,0.5510404295630634,-0.0,0.8565341339284482,-0.0,1.840202641565793,1.9396575178246294,0.7191075980306387,0.009334929598735024
5.919550657272339,0.282074477613115,0.0,0.5516204297644127,-0.0,0.8471878196717942,-0.0,1.8421764777827438,1.9356539569630202,0.7162340118165331,0.009257840440040167
5.960954666137695,0.2817844141986783,0.0,0.5522230491965525,-0.0,0.8377397593412748,-0.0,1.8442389275130913,1.9317699557614194,0.713415342094248,0.00918103080169994
6.002624034881592,0.28146931171029305,0.0,0.5528478995722038,-0.0,0.8281911901525927,-0.0,1.8463633620009934,1.927977177717644,0.7106387920377126,0.009104301406050334
6.044457912445068,0.28112914377117887,0.0,0.553494609193372,-0.0,0.8185432439715441,-0.0,1.8485257909949047,1.9242501010842226,0.707892795090314,0.009027472737090302
6.08624529838562,0.28076386824913685,0.0,0.5541628203685621,-0.0,0.8087969590206768,-0.0,1.850704575586413,1.9205657187768455,0.7051668899374222,0.00895038307660068
6.127873420715332,0.280373428829715,0.0,0.5548521870902312,-0.0,0.798953290377109,-0.0,1.8528801841641123,1.9169032812919407,0.7024516076596261,0.008872886738325658
6.169255495071411,0.27995775644239956,0.0,0.5555623729465364,-0.0,0.7890131193874322,-0.0,1.8550349803330055,1.913244069936853,0.6997383706076161,0.008794852492462625
6.211174964904785,0.2795167705561174,0.0,0.5562930492441253,-0.0,0.7789772621116267,-0.0,1.857153032724295,1.9095711918531393,0.697019402054093,0.008716162155305376
6.252681255340576,0.27905038035847424,0.0,0.5570438933211364,-0.0,0.7688464768956652,-0.0,1.8592199419926072,1.905869394137645,0.6942876464815246,0.008636709319804663
6.294207811355591,0.27855848583152315,0.0,0.557814587031658,-0.0,0.7586214711620546,-0.0,1.8612226832113812,1.9021248956783887,0.6915366988478906,0.008556398217430703
6.336238861083984,0.2780409787354573,0.0,0.5586048153847789,-0.0,0.7483029074984245,-0.0,1.8631494636146018,1.8983252351340076,0.6887607397182143,0.008475142701413111
6.377615928649902,0.2774977435103715,0.0,0.5594142653230251,-0.0,0.7378914091161862,-0.0,1.8649895958585385,1.8944591350436637,0.6859544760105415,0.00839286533349251
6.419270992279053,0.27692865810513806,0.0,0.5602426246265019,-0.0,0.7273875647440103,-0.0,1.8667333855163903,1.8905163808930185,0.6831130879363623,0.008309496562656586
6.460830450057983,0.2763335947414476,0.0,0.5610895809304397,-0.0,0.7167919330142231,-0.0,1.8683720306511278,1.886487711875144,0.680232181729993,0.008224973988737887
6.502904891967773,0.275712420620185,0.0,0.5619548208450944,-0.0,0.7061050463941819,-0.0,1.8698975318017657,1.882364721503534,0.677307747453134,0.008139241703583449
6.544328451156616,0.2750649985765159,0.0,0.5628380291680737,-0.0,0.6953274147093426,-0.0,1.8713026111410658,1.8781397690935302,0.6743361211567342,0.008052249701092754
6.586014986038208,0.2743911876893749,0.0,0.563738888180185,-0.0,0.6844595282998983,-0.0,1.8725806398112828,1.8738059017063495,0.6713139508903272,0.00796395334794704
6.6297607421875,0.27369084385041026,0.0,0.5646570770167936,-0.0,0.6735018608485912,-0.0,1.8737255726911948,1.869356784387569,0.6682381662261101,0.007874312909184784
6.670119047164917,0.27296382029689914,0.0,0.5655922711075124,-0.0,0.6624548719134333,-0.0,1.87473188991097,1.8647866373783102,0.6651059509686303,0.007783293123570376
6.714726448059082,0.27220996811264836,0.0,0.566544141677774,-0.0,0.6513190091956068,-0.0,1.8755945444449085,1.8600901796744154,0.6619147187229247,0.007690862823809038
6.755478143692017,0.2714291367004526,0.0,0.5675123553064993,-0.0,0.6400947105697221,-0.0,1.8763089151596404,1.8552625783981131,0.6586620910250309,0.007596994597011379
6.7958667278289795,0.2706211742292931,0.0,0.5684965735346813,-0.0,0.6287824059008068,-0.0,1.876870764756145,1.8502994034404159,0.6553458777718104,0.007501664481269429
6.838189601898193,0.2697859280591051,0.0,0.5694964525202312,-0.0,0.6173825186699102,-0.0,1.8772762021040421,1.8451965868576718,0.6519640597163154,0.007404851694649282
6.881378412246704,0.26892324514562743,0.0,0.5705116427349172,-0.0,0.6058954674279647,-0.0,1.8775216485163047,1.8399503865439004,0.6485147728184794,0.007306538393273901
6.920852422714233,0.26803297242756663,0.0,0.571541788699667,-0.0,0.5943216670955233,-0.0,1.8776038075599049,1.834557353745323,0.6449962942625309,0.007206709455508412
6.963482141494751,0.26711495719805667,0.0,0.5725865287548866,-0.0,0.5826615301241963,-0.0,1.8775196380397794,1.8290143040263231,0.6414070299718709,0.00710535228956484
7.003681898117065,0.26616904746216863,0.0,0.5736454948628029,-0.0,0.5709154675339915,-0.0,1.877266334060682,1.823318291381019,0.6377455034895638,0.007002456662400598
7.047640562057495,0.26519509228201876,0.0,0.5747183124391543,-0.0,0.5590838898392596,-0.0,1.8768413283453058,1.817466585308823,0.6340103461477105,0.00689801454858244
7.087414264678955,0.2641929421108264,0.0,0.5758046002118516,-0.0,0.5471672078745015,-0.0,1.876242211685776,1.8114566477381673,0.6302002878975901,0.006792019974435627
7.1288230419158936,0.2631624491172011,0.0,0.5769039701043887,-0.0,0.5351658335310123,-0.0,1.8754667382394823,1.8052861161467701,0.626314149707668,0.0066844689097855636
7.171740770339966,0.26210346750066305,0.0,0.578016027142146,-0.0,0.5230801804130228,-0.0,1.8745128277202137,1.798952790183007,0.6223508364754096,0.006575359189022916
7.214372873306274,0.261015853799331,0.0,0.5791403693798766,-0.0,0.5109106644216351,-0.0,1.8733785436540895,1.7924546147570095,0.6183093308579106,0.006464690394696938
7.255646467208862,0.2598994671905958,0.0,0.5802765878488308,-0.0,0.4986577042740506,-0.0,1.872062081038762,1.7857896670530442,0.6141886877621272,0.006352463773120034
7.295163631439209,0.2587541697854898,0.0,0.5814242665221515,-0.0,0.48632172196479495,-0.0,1.8705617554211043,1.778956145036101,0.6099880294745433,0.00623868215991554
7.337937355041504,0.2575798269173645,0.0,0.5825829822973178,-0.0,0.473903143174939,-0.0,1.868875993179537,1.7719523572738998,0.605706541361209,0.006123349914213878
7.380776643753052,0.2563763074254016,0.0,0.5837523049945433,-0.0,0.46140239763471386,-0.0,1.867003322885086,1.7647767139375188,0.6013434680784233,0.006006472860539087
7.420548915863037,0.2551434839334094,0.0,0.5849317973701582,-0.0,0.44881991944435645,-0.0,1.864942367630855,1.7574277188603524,0.5968981102414017,0.00588805823753778
7.463113069534302,0.2538812331242821,0.0,0.5861210151440996,-0.0,0.43615614735754765,-0.0,1.862691838229957,1.7499039625467003,0.5923698215032693,0.00576811465278253
7.50520133972168,0.25258943601044065,0.0,0.5873195070407404,-0.0,0.4234115250313451,-0.0,1.860250527193502,1.7422041160337052,0.5877580060021529,0.00564665204296633
7.547428369522095,0.25126797820051433,0.0,0.5885268148423538,-0.0,0.4105865012461354,-0.0,1.8342595203764702,1.7100977499094583,0.5725765835263181,0.00537312937446739
7.588449716567993,0.2499187682909426,0.0,0.5897405457335836,-0.0,0.397690189066241,-0.0,1.7991467448718972,1.6685457703031683,0.5532641857623267,0.005039416480998721
7.62873911857605,0.24854456856727494,0.0,0.5909576014539267,-0.0,0.38473723148506017,-0.0,1.7904107844557287,1.6544731149403251,0.5458160247006029,0.004875053876168125
7.67090368270874,0.24714589573717952,0.0,0.5921771153371732,-0.0,0.37173326909349735,-0.0,1.786526134951252,1.6457240330729117,0.5406960802558102,0.004745038969461607
7.71407675743103,0.24572279769559532,0.0,0.5933986798265001,-0.0,0.3586794678999428,-0.0,1.7834758553791779,1.6379394703805876,0.5359880123501435,0.0046209427086765075
7.753605842590332,0.24427523037652699,0.0,0.5946219750981646,-0.0,0.34557610006725237,-0.0,1.7804529927377735,1.6302449466625553,0.5313076117423774,0.004497094802136966
7.796163558959961,0.2428031338766527,0.0,0.5958466951908375,-0.0,0.33242326074986805,-0.0,1.7772945131752413,1.6224637089411522,0.5265774106017563,0.004372370816792009
7.837730407714844,0.24130644797391748,0.0,0.5970725332771503,-0.0,0.319221012257194,-0.0,1.7739671318951538,1.6145593413215837,0.5217816352260508,0.0042465587195865805
7.880875825881958,0.23978511537928365,0.0,0.598299178744527,-0.0,0.3059694132017418,-0.0,1.7704638409053783,1.606523796736196,0.5169169893760126,0.004119630874429124
7.921164274215698,0.23823908249437456,0.0,0.5995263166466178,-0.0,0.29266852444476155,-0.0,1.7667829956791434,1.5983548067701068,0.5119827263945549,0.003991597548543026
7.961832046508789,0.23666829965928513,0.0,0.6007536276352317,-0.0,0.2793184103382841,-0.0,1.7629240692448143,1.5900513036818755,0.5069786377732552,0.00386247730314943
8.004977703094482,0.2350727212951846,0.0,0.60198078799263,-0.0,0.26591913900714714,-0.0,1.7588867856261863,1.5816124880594042,0.5019046437053494,0.0037322909782685045
8.047907590866089,0.23345230602458597,0.0,0.6032074696873587,-0.0,0.2524707824320784,-0.0,1.7546709414535377,1.5730376375792252,0.4967607092312187,0.0036010604606093394
8.087336301803589,0.2318070167863384,0.0,0.6044333404379678,-0.0,0.2389734164894643,-0.0,1.7502763683999316,1.5643260671432004,0.4915468268680826,0.0034688084254550673
8.130340814590454,0.23013682094887497,0.0,0.605658063781366,-0.0,0.22542712097999257,-0.0,1.7457029246446312,1.5554771201427204,0.4862630128996797,0.003335558277951303
8.170839786529541,0.2284416904224484,0.0,0.6068812991450917,-0.0,0.21183197965304465,-0.0,1.7409504924260772,1.5464901662212904,0.4809093065091206,0.0032013341355855147
8.214098453521729,0.2267216017705004,0.0,0.6081027019232946,-0.0,0.19818808022850348,-0.0,1.7360189769500467,1.537364600462451,0.47548576952771904,0.003066160819359241
8.255017518997192,0.22497653632018633,0.0,0.609321923556341,-0.0,0.18449551441653403,-0.0,1.7307963058833953,1.5280071837618125,0.4699111001039767,0.0029066220382186728
8.296393871307373,0.22320688191996152,0.0,0.6105385457543532,-0.0,0.17079569712899534,-0.0,1.7249833375463017,1.5181613686594932,0.4639793400677651,0.0026705767656694055
8.339073181152344,0.2214143692997548,0.0,0.6117519658319127,-0.0,0.15726656781763407,-0.0,1.7193605947849298,1.5084485864508754,0.45829350409123093,0.002553040227088693
8.381006956100464,0.2195988614492751,0.0,0.6129619190698015,-0.0,0.14389123801744635,-0.0,1.7137355769611335,1.4987822873843113,0.45261845733682093,0.0024365924510511092
8.420689344406128,0.217760221279708,0.0,0.6141681397131094,-0.0,0.13065439738706877,-0.0,1.7079643041220953,1.4890098491108208,0.44688789448381117,0.002320291123394212
8.464201927185059,0.2158983252358737,0.0,0.6153703512791087,-0.0,0.11754226960359676,-0.0,1.702016370762662,1.479098691579567,0.44108811102425766,0.0022039460667358634
8.504615068435669,0.21401306545129958,0.0,0.6165682655532382,-0.0,0.10454248330645494,-0.0,1.6958857304415194,1.469041946416874,0.4352166623900887,0.0020875291659929124
8.548075437545776,0.2121043494983023,0.0,0.6177615833056297,-0.0,0.09164393680370614,-0.0,1.6895715577142223,1.4588382490758716,0.42927351129419994,0.0019710481550011265
8.587438106536865,0.21017209968020834,0.0,0.6189499952670566,-0.0,0.07883667219075978,-0.0,1.683074130969,1.4484873981145538,0.423259127862129,0.001854519389578326
8.629740953445435,0.20821625228308324,0.0,0.6201331830676882,-0.0,0.06611176116758596,-0.0,1.6763939464741837,1.4379894231717942,0.41717408291397856,0.0017379618403613514
8.672030448913574,0.20623675687371348,0.0,0.6213108200876692,-0.0,0.05346120208026088,-0.0,1.6695315297829532,1.4273443875195475,0.4110189628181256,0.0016213956659713808
8.714300155639648,0.2042335756588882,0.0,0.6224825722192552,-0.0,0.040877827214924674,-0.0,1.6624873979615908,1.4165523491556715,0.40479435362098026,0.0015048417909434256
8.755291938781738,0.20220668290549443,0.0,0.623648098549666,-0.0,0.0283552193515913,-0.0,1.6552620543502037,1.4056133559411705,0.3985008399504366,0.0013883217155177727
8.796624422073364,0.2001560644176596,0.0,0.6248070519745839,-0.0,0.015887636658982542,-0.0,1.6478559901785035,1.3945274478118896,0.3921390068992563,0.0012718573881357873
8.836943864822388,0.1980817170666142,0.0,0.6259590797513513,-0.0,0.003469945097878153,-0.0,1.6402696874581244,1.3832946602302671,0.38570944234674953,0.0011554711022279604
8.880124568939209,0.19598364836899612,0.0,0.6271038239997997,0.0,-0.008902442417471483,0.0,1.6325036219485602,1.3719150276353733,0.37921273918597864,0.0010391854074774396
8.920659065246582,0.19386187610951644,0.0,0.6282409221576356,0.0,-0.0212336207755415,0.0,1.5829684128803643,1.3257572199080616,0.3664417592529026,0.0009453459605805641
8.962909698486328,0.19171606154856238,0.0,0.6293689227691135,0.0,-0.03365515312335392,0.0,1.613007256600515,1.3444501672769795,0.364077667575083,0.000770141682439386
9.005964040756226,0.18954713902631362,0.0,0.6304882255625465,0.0,-0.04602991840765324,0.0,1.6100880530772448,1.3381718572381303,0.35963775723719343,0.0006832268715149864
9.046716213226318,0.18735462928554492,0.0,0.6315987734271943,0.0,-0.05836387241242363,0.0,1.602609147421427,1.327307257539145,0.3533050729436322,0.000573085189113063
9.088297605514526,0.18513847763029245,0.0,0.6327002508902732,0.0,-0.07066090948026293,0.0,1.5939292654755959,1.3152556306771692,0.3464794398161325,0.0004576908246627866
9.12914228439331,0.18289873701556628,0.0,0.6337922805645559,0.0,-0.08292415736336774,0.0,1.584851639467264,1.3028294238671185,0.3394957997707835,0.00034134114246770495
9.170485496520996,0.18063549174623975,0.0,0.6348744697286414,0.0,-0.09515631441059302,0.0,1.575567409569581,1.290221907921546,0.33243433206652956,0.00022507115587358257
9.213936567306519,0.17834883905197182,0.0,0.6359464214645536,0.0,-0.10735975510249625,0.0,1.5661208352886358,1.2774778466018613,0.32531414592501146,0.00010913606325859684
9.253978252410889,0.17603888462909295,0.0,0.6370077373902578,0.0,-0.11953657757711034,0.0,1.5565209934243909,1.264606427878613,0.31813973219999636,-6.395202440844221e-06
9.297214269638062,0.17370574156520185,0.0,0.6380580183948189,0.0,-0.13168863499006078,0.0,1.5902762293789021,1.2883931124238164,0.31809103032501784,-0.0001337387658821589
9.337350606918335,0.17134955351873274,0.0,0.6390983004064841,0.0,-0.14369699414256878,0.0,1.5399413702232103,1.2424938267133423,0.3056646619140939,-0.00019569540382611758
9.380447387695312,0.16896980663355557,0.0,0.6401270001563657,0.0,-0.1556987971473378,0.0,1.5248922036239085,1.2239857642227818,0.29606469973608746,-0.0003404845857216403
9.422019481658936,0.16656721868975913,0.0,0.6411434460711681,0.0,-0.16768984082200655,0.0,1.5137966689012676,1.2095967376681331,0.28826198850191564,-0.000460100062493295
9.462259531021118,0.16414205082030003,0.0,0.6421471881317764,0.0,-0.17966940395135358,0.0,1.5034699178217121,1.196037618161625,0.28082659115625275,-0.0005736349596012691
9.505187749862671,0.1616944647338,0.0,0.6431378254246989,0.0,-0.19163752153938318,0.0,1.4931757212133476,1.182547941317456,0.2734285000065484,-0.0006854796320120015
9.547964334487915,0.15922460569484354,0.0,0.6441149671408454,0.0,-0.20359435892418132,0.0,1.4827449398073265,1.1689525793298339,0.2659922408610076,-0.000796629500901997
9.587231159210205,0.1567326217693667,0.0,0.6450782239077918,0.0,-0.21554007114139898,0.0,1.4721399847874355,1.1552121460934413,0.2585013578205805,-0.0009072949157006146
9.630504846572876,0.15421866823226726,0.0,0.6460272060231532,0.0,-0.22747477434675417,0.0,1.4613537720777052,1.1413187440262869,0.25095309258908305,-0.001017504914470523
9.670518636703491,0.15168290852043295,0.0,0.6469615232549201,0.0,-0.23939854286927972,0.0,1.4503862355789332,1.1272717419688312,0.2433478580359412,-0.001127247182670546
9.714037656784058,0.1491255143862294,0.0,0.6478807849930318,0.0,-0.251311411863044,0.0,1.439238864591642,1.1130721424153447,0.23568679072672394,-0.0012365005342434084
9.755590200424194,0.14654666587122522,0.0,0.6487846004752783,0.0,-0.26321338093133456,0.0,1.4279134385215224,1.098721275712635,0.22797118329628124,-0.0013452424332760244
9.796180009841919,0.14394655124436997,0.0,0.6496725790249402,0.0,-0.2751044176775516,0.0,1.416411740379011,1.0842205029977952,0.2202023549257431,-0.001453450709873001
9.835986852645874,0.14132536693754705,0.0,0.6505443302865096,0.0,-0.28698446096843644,0.0,1.4047354983258633,1.0695711542068438,0.21238162389396187,-0.001561103925738268
9.877691745758057,0.1386833174853869,0.0,0.6513994644569698,0.0,-0.29885342388651126,0.0,1.3928863798396813,1.05477452043377,0.2045103037375221,-0.001668181427839092
9.91948127746582,0.1360206154701794,0.0,0.652237592512593,0.0,-0.3107111963906697,0.0,1.3808659974798232,1.0398318583900483,0.19658970467957934,-0.0017746633323616353
9.96097469329834,0.13333748147136473,0.0,0.6530583264317149,0.0,-0.3225576477112905,0.0,1.3686759166987934,1.02474439711348,0.1886211360509918,-0.0018805304953041432
10.002776384353638,0.13063414401882764,0.0,0.6538612794140108,0.0,-0.3343926285058023,0.0,1.3563176635189014,1.0095133446684614,0.1806059087219383,-0.0019857644825952334
10.044496059417725,0.12791083954921373,0.0,0.6546460660967465,0.0,-0.34621597279854555,0.0,1.34379273162005,0.994139894357558,0.1725453373336257,-0.002090347542471461
10.086000919342041,0.12516781236453542,0.0,0.6554123027684324,0.0,-0.3580274997265212,0.0,1.3311025887852335,0.9786252303776911,0.1644407422991484,-0.002194262580493915
10.127493619918823,0.12240531459239776,0.0,0.6561596075802425,0.0,-0.36982701511047766,0.0,1.3182486827400848,0.9629705329475231,0.15629345158316227,-0.00229749313705433
10.169306516647339,0.11962360614722585,0.0,0.6568876007555157,0.0,-0.381614312868856,0.0,1.30523244643826,0.9471769829497974,0.14810480227774453,-0.0024000233671237557
10.211541175842285,0.11682295469193121,0.0,0.657595904797605,0.0,-0.3933891762903624,0.0,1.2920553028448114,0.9312457661334053,0.13987614199234633,-0.0025018380219927225
10.252715349197388,0.11400363559950107,0.0,0.6582841446963029,0.0,-0.40515137917935734,0.0,1.2787186692648922,0.9151780769160934,0.13160883007427449,-0.002602922432773321
10.294323205947876,0.11116593191403686,0.0,0.6589519481330268,0.0,-0.41690068688683707,0.0,1.2652239612611442,0.8989751218251947,0.12330423867476528,-0.0027032624954544068
10.33586573600769,0.10831013431080991,0.0,0.6595989456849197,0.0,-0.42863685723850703,0.0,1.2515725961983728,0.882638122609747,0.11496375367404696,-0.0028028446573242524
10.377897500991821,0.10543654105493645,0.0,0.6602247710279863,0.0,-0.44035964137029837,0.0,1.2377659964509138,0.8661683190544814,0.10658877547772522,-0.002901655904591133
10.41942048072815,0.10254545795830981,0.0,0.6608290611393579,0.0,-0.45206878448063986,0.0,1.223805592303815,0.8495669715225388,0.09818071969530215,-0.002999683751053677
10.461140871047974,0.09963719833445511,0.0,0.6614114564987552,0.0,-0.46376402650787996,0.0,1.2096928245764464,0.8328353632514975,0.08974101771079374,-0.003096916227685169
10.50271463394165,0.09671208295100338,0.0,0.661971601289191,0.0,-0.4754451027404047,0.0,1.195429146993754,0.8159748024244539,0.08127111715425712,-0.003193341873012487
10.544720888137817,0.09377043997950402,0.0,0.6625091435969386,0.0,-0.4871117443662501,0.0,1.1810160283282969,0.7989866240359651,0.07277248228225637,-0.0032889497241818124
10.585936784744263,0.09081260494232209,0.0,0.6630237356107695,0.0,-0.49876367896833107,0.0,1.1664549543334854,0.7818721915704349,0.06424659427445764,-0.0033837293086150335
10.627580881118774,0.08783892065638513,0.0,0.6635150338204472,0.0,-0.5104006309707968,0.0,1.1517474294866947,0.7646328985088918,0.05569495145285116,-0.003477670636171231
10.670520305633545,0.08484973717356849,0.0,0.663982699214449,0.0,-0.522022322041473,0.0,1.1368949785586302,0.7472701696782224,0.04711906942938267,-0.003570764191737266
10.713802576065063,0.08184541171752366,0.0,0.6644263974768733,0.0,-0.5336284714548628,0.0,1.1218991480241531,0.729785462455835,0.038520481187336614,-0.003663000928178827
10.753775119781494,0.07882630861677425,0.0,0.6648457991834762,0.0,-0.5452187964197247,0.0,1.1067615073278754,0.7121802678410996,0.02990073710118073,-0.003754372259591753
10.79634714126587,0.07579279923391938,0.0,0.6652405799967688,0.0,-0.5567930123748559,0.0,1.091483650016487,0.694456111403806,0.021261404899138758,-0.003844870054800411
10.837556600570679,0.0727452618908006,0.0,0.6656104208600987,0.0,-0.568350833256342,0.0,1.0760671947489528,0.6766145541190502,0.012604069572439834,-0.003934486631054532
10.88136601448059,0.06968408178950221,0.0,0.6659550081906263,0.0,-0.5798919717392135,0.0,1.060513786193772,0.6586571930964447,0.003930333234608192,-0.0040232147478842266
10.921886205673218,0.06660965092906972,0.0,0.6662740340710991,0.0,-0.5914161394561541,0.0,1.044825095822522,0.6405856622113894,-0.004758185065912381,-0.00411104760107469
10.962112188339233,0.06352236801784313,0.0,0.6665671964403185,0.0,-0.6029230471956492,0.0,1.029002822607472,0.622401632645029,-0.013459849576943766,-0.004197978816728393
11.005117416381836,0.06042263838131483,0.0,0.6668341992821872,0.0,-0.614412405081722,0.0,1.0130486936298457,0.6041068133385008,-0.02217300811506425,-0.00428400244538733
11.047757387161255,0.057310873865433494,0.0,0.6670747528132209,0.0,-0.6258839227371894,0.0,0.9969644646056468,0.585702951367215,-0.030895992376912415,-0.004369112956189313
11.087020874023438,0.05418749273528652,0.0,0.6672885736683906,0.0,-0.6373373094321878,0.0,0.9717092417737432,0.5601163316376503,-0.04211063252918338,-0.004479900227299059
11.129494905471802,0.05105358049659198,0.0,0.6674752736065062,0.0,-0.6487715613860563,0.0,0.8557608258160636,0.463170898174656,-0.07841035059830229,-0.004859049138907108
11.170575380325317,0.04791693486045385,0.0,0.6676334355825865,0.0,-0.6601773848213452,0.0,0.8244526161143393,0.42858143286721717,-0.09413429598266503,-0.005033249175317616
11.21388292312622,0.044779955746322174,0.0,0.6677629902071517,0.0,-0.671540819045452,0.0,0.8060828991003899,0.4073023471124288,-0.10416535536267559,-0.0051348641600914395
11.255019664764404,0.04164344474730036,0.0,0.6678639380605915,0.0,-0.6828586175855099,0.0,0.7908637969852241,0.38925146477952943,-0.11279166329520611,-0.0052179241125085915
11.295849800109863,0.03850781249312064,0.0,0.6679362950176,0.0,-0.6941301489530614,0.0,0.7764028836171264,0.3719633873302723,-0.12106058766587983,-0.005295633144778448
11.338640213012695,0.03537337408489308,0.0,0.6679800819100967,0.0,-0.7053554164163869,0.0,0.762115913573288,0.3548362513255791,-0.12922705294844633,-0.005371217694499938
11.380391120910645,0.03224042131658658,0.0,0.6679953227498914,0.0,-0.7165345746293137,0.0,0.7478604829205246,0.3377238823299648,-0.13735231884321591,-0.005445467115583684
11.419768571853638,0.029109240296093304,0.0,0.6679820444831255,0.0,-0.7276678121811011,0.0,0.7336020856687709,0.3205914700086919,-0.14545034575177154,-0.005518576035669848
11.46358036994934,0.025980115720223892,0.0,0.6679402769815952,0.0,-0.7387553234981932,0.0,0.7065345501132904,0.2901320693038739,-0.16502347927115407,-0.00577897419685354
11.503840446472168,0.022856631269397357,0.0,0.6678713135140294,0.0,-0.749763171354959,0.0,0.6269724729329629,0.20479510834764153,-0.23033902664408107,-0.006783506082133885
11.547156810760498,0.019755377594974796,0.0,0.6677816315660796,0.0,-0.7605235875487465,0.0,0.5987551031807257,0.17257496673564793,-0.24237987876798972,-0.00689509564706207
11.586453199386597,0.01667753991589794,0.0,0.6676716380251189,0.0,-0.7710345474296151,0.0,0.5881958394117657,0.15871412498945098,-0.24671636455705748,-0.00691054042838001
11.628679037094116,0.013622181641010648,0.0,0.6675415828305652,0.0,-0.7813077671063378,0.0,0.5812186193801896,0.14860243151480101,-0.24952074156588902,-0.006907319215877124
11.671934366226196,0.010587986468768209,0.0,0.6673916507028202,0.0,-0.7913570682080453,0.0,0.5744834414925509,0.138766547202195,-0.2522522293545343,-0.006903707610988415
11.713670253753662,0.0075736672311623905,0.0,0.6672219926982084,0.0,-0.8011956784121006,0.0,0.5672465154588691,0.1284292895563363,-0.2552302721436196,-0.006903666612591314
11.755245923995972,0.00457805256407089,0.0,0.6670327388825374,0.0,-0.8108356889737256,0.0,0.5593860872036839,0.11746050801950236,-0.2585014902294379,-0.006907733129675776
11.796416282653809,0.0016000967271878087,0.0,0.6668240048852658,0.0,-0.8202880240195703,0.0,0.550924798796933,0.10588078096230719,-0.26204951331695453,-0.006915656197148356
11.837465286254883,-0.0013611280700867173,0.0,0.6665958961743456,0.0,-0.8295625236375738,0.0,0.5419147459024334,0.09374182322880575,-0.26584548277878506,-0.006927031639864328
11.880337238311768,-0.004306442572626121,0.0,0.6663485112330455,0.0,-0.8386680453686095,0.0,0.5324102727979125,0.0810981158690608,-0.26985999137357697,-0.006941452164339975
11.920364141464233,-0.00723657126105387,0.0,0.6660819440451786,0.0,-0.8476125619379776,0.0,0.5224619189731865,0.06800055326860066,-0.27406572143498176,-0.006958540483888551
11.963736295700073,-0.010152152288850625,0.0,0.6657962860662746,0.0,-0.8564032506990804,0.0,0.5121154181757106,0.05449535808923939,-0.2784378603465062,-0.006977954442916825
12.004812479019165,-0.013053746480545959,0.0,0.6654916277846636,0.0,-0.8650465744412251,0.0,0.5014118668252684,0.04062421964456697,-0.28295400185039765,-0.006999385632394906
12.047523736953735,-0.015941845440344955,0.0,0.665168059947323,0.0,-0.8735483541473698,0.0,0.49038813029909434,0.026424684282216337,-0.28759394340679695,-0.007022556668402702
12.088917970657349,-0.018816878848390076,0.0,0.6648256745098053,0.0,-0.8819138344450967,0.0,0.47907726739722933,0.011930568205518133,-0.29233947648887204,-0.007047218363322797
12.129209995269775,-0.02167922102232311,0.0,0.6644645653589301,0.0,-0.8901477424711414,0.0,0.46750892436100455,-0.0028276583534917465,-0.2971741913284832,-0.007073147068705975
12.170612812042236,-0.02452919681623846,0.0,0.6640848288486636,0.0,-0.8982543408095582,0.0,0.4557096905358048,-0.017822524161052677,-0.3020832996548757,-0.007100142240651496
12.213856935501099,-0.027367086922601758,0.0,0.6636865641828823,0.0,-0.9062374750999117,0.0,0.4437034171447045,-0.033029245944793506,-0.3070534748112408,-0.00712802422460497
12.254561424255371,-0.030193132636444294,0.0,0.6632698736731246,0.0,-0.9141006168523872,0.0,0.43151150252057763,-0.048425450044677354,-0.31207270778409907,-0.007156632244522397
12.296980857849121,-0.03300754013537614,0.0,0.6628348628947744,0.0,-0.9218469019526626,0.0,0.4191531472651749,-0.0639909233590541,-0.31713017761036877,-0.007185822579490599
12.337113618850708,-0.0358104843237165,0.0,0.6623816407612269,0.0,-0.9294791652907013,0.0,0.4066455825385346,-0.0797073904522903,-0.32221613473038435,-0.007215466911439547
12.38026237487793,-0.03860211228428877,0.0,0.6619103195323098,0.0,-0.9369999719038341,0.0,0.39400427435717766,-0.09555831401242817,-0.3273217959877863,-0.007245450828668773
12.421630620956421,-0.04138254637713022,0.0,0.6614210147705137,0.0,-0.944411644985114,0.0,0.3812431064693926,-0.11152871615422949,-0.3324392501057793,-0.007275672471081757
12.462308883666992,-0.044151887020483456,0.0,0.6609138452562738,0.0,-0.9517162910725405,0.0,0.36837454409548787,-0.12760501833967713,-0.3375613725870204,-0.007306041304166282
12.50511908531189,-0.04691021518593108,0.0,0.6603889328716395,0.0,-0.9589158227029405,0.0,0.35540978057072475,-0.1437748979339443,-0.3426817490906019,-0.007336477009841939
12.54761004447937,-0.04965759463637065,0.0,0.6598464024600401,0.0,-0.9660119787856689,0.0,0.3423588687061566,-0.16002715963290612,-0.34779460643516613,-0.007366908483312688
12.587190628051758,-0.05239407393267266,0.0,0.6592863816685135,0.0,-0.9730063429256072,0.0,0.32923083848514134,-0.17635162019134037,-0.3528947504630927,-0.007397272926009868
12.629971742630005,-0.055119688232291124,0.0,0.6587090007776221,0.0,-0.9799003599017859,0.0,0.3160338025379702,-0.19273900505189753,-0.35797751007767026,-0.007427515025586206
12.669941663742065,-0.05783446090077561,0.0,0.6581143925233345,0.0,-0.9866953504872029,0.0,0.30277505068116706,-0.20918085562672967,-0.3630386868346605,-0.007457586214735393
12.714243173599243,-0.06053840495504262,0.0,0.657502691914352,0.0,-0.9933925247766935,0.0,0.2894611346696058,-0.22566944611811757,-0.36807450953175286,-0.007487444001354908
12.755095958709717,-0.06323152435538093,0.0,0.656874036047696,0.0,-0.9999929941729173,0.0,0.27609794418656936,-0.24219770888391426,-0.37308159329550084,-0.007517051363258096
12.794731140136719,-0.06591381516146674,0.0,0.6562285639248089,0.0,-1.0064977821654173,0.0,0.2626907749872442,-0.25875916745984007,-0.37805690271558456,-0.007546376201267852
12.837046384811401,-0.06858526656613763,0.0,0.6555664162699613,0.0,-1.012907834024109,0.0,0.24924439001385035,-0.2753478764449653,-0.38299771862143217,-0.007575390845098982
12.88014817237854,-0.07124586181929563,0.0,0.6548877353523727,0.0,-1.0192240255163478,0.0,0.23576307421378728,-0.2919583675407573,-0.38790160813693997,-0.007604071606960791
12.919818878173828,-0.07389557905307143,0.0,0.6541926648131222,0.0,-1.0254471707457302,0.0,0.2222506837147567,-0.30858560110896205,-0.39276639768557775,-0.0076323983782895215
12.962001323699951,-0.07653439201826466,0.0,0.653481349497666,0.0,-1.0315780292009125,0.0,0.20871068994200292,-0.32522492268018866,-0.3975901486510285,-0.007660354265454732
13.002932071685791,-0.07916227074107018,0.0,0.6527539352945567,0.0,-1.03761731209383,0.0,0.19514621920135522,-0.34187202390446125,-0.40237113542798825,-0.007687925260678187
13.04674482345581,-0.08177918210819654,0.0,0.6520105689807751,0.0,-1.0435656880587214,0.0,0.1815600881966784,-0.3585229074883324,-0.4071078256245799,-0.007715099944766568
13.086220026016235,-0.08438509038766705,0.0,0.6512513980739408,0.0,-1.0494237882761783,0.0,0.1679548359016172,-0.3751738557101844,-0.41179886220142237,-0.007741869218580202
13.12795877456665,-0.08697995769186276,0.0,0.6504765706915402,0.0,-1.0551922110799679,0.0,0.1543327521614924,-0.39182140214798966,-0.4164430473541709,-0.007768226060459628
13.170122861862183,-0.08956374438870547,0.0,0.649686235417223,0.0,-1.0608715260985637,0.0,0.14069590336225685,-0.40846230629146196,-0.421039327965589,-0.007794165307098055
13.213260889053345,-0.0921364094662858,0.0,0.6488805411741279,0.0,-1.0664622779781125,0.0,0.12704615546831888,-0.4250935307444742,-0.42558678247059545,-0.007819683455589784
13.255008697509766,-0.09469791085570829,0.0,0.6480596371051455,0.0,-1.0719649897288401,0.0,0.11338519469986214,-0.44171222075384864,-0.43008460899347073,-0.007844778484605425
13.295058250427246,-0.0972482057164433,0.0,0.6472236724599745,0.0,-1.0773801657326785,0.0,0.09971454609213776,-0.4583156858278078,-0.4345321146304224,-0.007869449692842083
13.337150812149048,-0.09978725068804381,0.0,0.6463727964887886,0.0,-1.0827082944461093,0.0,0.0860355901543301,-0.4749013832315547,-0.43892870576344567,-0.007893697553077282
13.380676507949829,-0.10231500211169758,0.0,0.6455071583423075,0.0,-1.0879498508287786,0.0,0.0723495778229285,-0.49146690316936237,-0.44327387930280004,-0.007917523580317005
13.420412540435791,-0.10483141622473197,0.0,0.6446269069780394,0.0,-1.0931052985253713,0.0,0.05865764388464473,-0.5080099554818884,-0.4475672147656991,-0.007940930212675461
13.4628267288208,-0.10733644933087788,0.0,0.6437321910724596,0.0,-1.0981750918254725,0.0,0.044960819025775034,-0.5245283577049724,-0.4518083671080073,-0.007963920703755753
13.505144119262695,-0.10983005794881315,0.0,0.6428231589388655,0.0,-1.103159677423649,0.0,0.031260040648754095,-0.5410200243519436,-0.4559970602341663,-0.007986499025422214
13.547190427780151,-0.11231219894125274,0.0,0.6418999584506635,0.0,-1.1080594959997438,0.0,0.017556162582272494,-0.557482957295327,-0.460133081117902,-0.008008669779960806
13.587847709655762,-0.11478282962662359,0.0,0.6409627369698222,0.0,-1.1128749836373768,0.0,0.0038499637983013257,-0.5739152371366183,-0.4642162744731094,-0.008030438120723366
13.621323585510254,-0.11724190787515598,0.0,0.6400116412802476,0.0,-1.1176065730968252,0.0,-0.009857843762350493,-0.5903150154640738,-0.4682465379203653,-0.008051809680439406
13.664289712905884,-0.11968939219103836,0.0,0.6390468175258236,0.0,-1.1222546949568295,0.0,-0.023566608164565517,-0.6066805079085582,-0.4722238175999134,-0.008072790506457784
13.705322504043579,-0.12212524178211612,0.0,0.6380684111528833,0.0,-1.126819778638415,0.0,-0.03727573117168759,-0.6230099879166976,-0.4761481041869187,-0.008093387002252716
13.74847674369812,-0.12454941661846494,0.0,0.6370765668568659,0.0,-1.131302253322492,0.0,-0.05098466258297585,-0.6393017811687166,-0.4800194292692245,-0.008113605874594282
13.789656162261963,-0.1269618774810343,0.0,0.6360714285329385,0.0,-1.135702548771824,0.0,-0.06469289514981869,-0.6555542605757358,-0.4838378620517737,-0.008133454085840354
13.830217599868774,-0.12936258600143766,0.0,0.6350531392303618,0.0,-1.1400210960668888,0.0,-0.07839996001145022,-0.6717658417979149,-0.48760350635550886,-0.008152938810861456
13.871833801269531,-0.13175150469385355,0.0,0.6340218411103885,0.0,-1.1442583282641756,0.0,-0.09210542259695292,-0.6879349792306337,-0.4913164978816637,-0.008172067398155302
13.914799690246582,-0.13412859697990848,0.0,0.6329776754074968,0.0,-1.148414680984647,0.0,-0.10580887894598978,-0.704060162411495,-0.49497700171545433,-0.008190847334753974
13.955729961395264,-0.13649382720732067,0.0,0.6319207823937654,0.0,-1.15249059293927,0.0,-0.11950995240527151,-0.7201399128053937,-0.4985852100455395,-0.008209286214561075
13.99695897102356,-0.13884716066300673,0.0,0.6308513013462131,0.0,-1.1564865063978598,0.0,-0.13320829066247408,-0.7361727809295459,-0.5021413400782613,-0.008227391709796375
14.038678884506226,-0.1411885635812823,0.0,0.6297693705169256,0.0,-1.1604028676068339,0.0,-0.14690356308298036,-0.7521573437838834,-0.5056456321274838,-0.008245171545251428
14.081902503967285,-0.14351800314772323,0.0,0.6286751271058132,0.0,-1.1642401271609262,0.0,-0.16059545831859312,-0.7680922025560408,-0.5090983478630325,-0.008262633475093007
14.122839212417603,-0.14583544749919675,0.0,0.6275687072358404,0.0,-1.1679987403333754,0.0,-0.1742836821603474,-0.7839759805730002,-0.5124997687022521,-0.008279785261973408
14.16362452507019,-0.1481408657205203,0.0,0.6264502459305845,0.0,-1.171679167368696,0.0,-0.18796795561049634,-0.7998073214744303,-0.5158501943308389,-0.008296634658231581
14.205048561096191,-0.15043422783815952,0.0,0.6253198770939902,0.0,-1.1752818737416726,0.0,-0.20164801315135683,-0.8155848875852709,-0.5191499413404921,-0.008313189388989659
14.248212337493896,-0.15271550481133594,0.0,0.6241777334921819,0.0,-1.1788073303859012,0.0,-0.21532220892413734,-0.8313037903555822,-0.5223948580086166,-0.008328294492453148
14.289278984069824,-0.15498467601519433,0.0,0.6230239279954556,0.0,-1.182258059281991,0.0,-0.2289727707819244,-0.8469204291383984,-0.5255343951932636,-0.008329182095032701
14.330337524414062,-0.1572418117649881,0.0,0.6218583446118752,0.0,-1.1856613781414636,0.0,-0.24261482465684808,-0.862501181122808,-0.5286728464911614,-0.008347284082829783
14.371441125869751,-0.15948688438252018,0.0,0.6206811132348992,0.0,-1.189017375363274,0.0,-0.256272185744394,-0.878046951817409,-0.5317721776471248,-0.008365278258060285
14.415219068527222,-0.16171986488742837,0.0,0.6194923644413933,0.0,-1.192326123249523,0.0,-0.2699282553669454,-0.8935373229338486,-0.5348246720825078,-0.008383052836029766
14.455240964889526,-0.16394072482502342,0.0,0.6182922280697496,0.0,-1.1955876935723384,0.0,-0.2835795126841778,-0.9089671642751658,-0.5378290834755868,-0.00840058793406207
14.49663758277893,-0.16614943661787138,0.0,0.6170808329198747,0.0,-1.198802160841798,0.0,-0.2972250862913811,-0.9243344549070611,-0.5407854857132997,-0.008417882399599839
14.537883758544922,-0.16834597361906878,0.0,0.6158583066843213,0.0,-1.2019696030646405,0.0,-0.31086464178747214,-0.9396378099840109,-0.5436942263379299,-0.008434938901426789
14.580174207687378,-0.17053031010507286,0.0,0.6146247759276405,0.0,-1.2050901019853437,0.0,-0.32449795547797883,-0.9548759805396418,-0.5465557144323538,-0.008451760901571828
14.62164568901062,-0.17270242125597488,0.0,0.6133803660765241,0.0,-1.2081637432136032,0.0,-0.3381248283994721,-0.9700477525162629,-0.5493703774253171,-0.00846835203893328
14.663100242614746,-0.17486228313289215,0.0,0.6121252014130798,0.0,-1.21119061632048,0.0,-0.35174506874389566,-0.9851519262379723,-0.5521386519552169,-0.008484716000503
14.704955816268921,-0.17700987265449203,0.0,0.6108594050696301,0.0,-1.214170814920529,0.0,-0.36535848799709814,-1.000187312047919,-0.5548609815902896,-0.008500856491019108
14.748292446136475,-0.17914516757313037,0.0,0.6095830990246653,0.0,-1.2171044367440882,0.0,-0.3789648998434173,-1.0151527292074776,-0.5575378159427004,-0.0085167772226817
14.789226770401001,-0.18126814645077183,0.0,0.6082964040998309,0.0,-1.2199915837012054,0.0,-0.39256411965210786,-1.0300470054770432,-0.5601696100831768,-0.008532481909201707
14.830767631530762,-0.18337878863479065,0.0,0.6069994399578758,0.0,-1.2228323619381123,0.0,-0.40615596410928984,-1.0448689768620976,-0.5627568240368592,-0.008547974261017038
14.871968746185303,-0.18547707423373194,0.0,0.6056923251015102,0.0,-1.2256268818869323,0.0,-0.4197402509063469,-1.0596174874193571,-0.565299922315228,-0.008563257981020917
14.91561245918274,-0.18756298409310185,0.0,0.6043751768731195,0.0,-1.2283752583092618,0.0,-0.6974880134588047,-1.3769484016033628,-0.6927492375300881,-0.010344094622198206
14.955947875976562,-0.1896108733894823,0.0,0.6030716602142275,0.0,-1.230963063417008,0.0,-0.8742597573773285,-1.5857527552873605,-0.7772277335499759,-0.011552985472088356
14.997329473495483,-0.191604812072102,0.0,0.6017982819476362,0.0,-1.2332917912145225,0.0,-0.8843947978941344,-1.603227591323975,-0.7829714877257525,-0.011648873430903442
15.037843704223633,-0.1935452455937426,0.0,0.6005567500600794,0.0,-1.2353439608185213,0.0,-0.8656402406491768,-1.5843545502125904,-0.7731705595046974,-0.011512274404839994
15.082475900650024,-0.19543561962682215,0.0,0.5993455490462408,0.0,-1.2371313664818078,0.0,-0.8441664339602966,-1.5609625778164664,-0.7613253624737182,-0.011342576399425798
15.121772289276123,-0.19727964154052757,0.0,0.5981626519370716,0.0,-1.2386703710137978,0.0,-0.8251019110296356,-1.5394201492434465,-0.7501548349872733,-0.01118036453045754
15.164390563964844,-0.1990807493984152,0.0,0.5970060839246567,0.0,-1.2399768588439188,0.0,-0.8091906692419631,-1.5207588749869045,-0.7401139906493983,-0.011032749452257639
15.206428050994873,-0.20084203832960212,0.0,0.5958740290771014,0.0,-1.2410653273943102,0.0,-0.796296584646513,-1.5049227265803866,-0.7311941041976477,-0.010899927637140414
15.249161005020142,-0.20256627781709963,0.0,0.5947648409211572,0.0,-1.2419488323693704,0.0,-0.7861331516001558,-1.4916574111928134,-0.7233000902851022,-0.010780768536248734
15.28842806816101,-0.2042559440128605,0.0,0.5936770334145062,0.0,-1.2426390973407413,0.0,-0.7784116815559667,-1.4806931204877127,-0.7163283760356745,-0.010673975214742247
15.330461263656616,-0.20591325180226264,0.0,0.5926092684701612,0.0,-1.243146644797614,0.0,-0.7728686428460669,-1.4717797618944746,-0.7101821573478162,-0.010578316613433017
15.372413635253906,-0.20754018387081213,0.0,0.5915603434383859,0.0,-1.2434809202754762,0.0,-0.7692683299405313,-1.464691790934517,-0.704773704168357,-0.01049266671927017
15.415531158447266,-0.20913851656328739,0.0,0.5905291792576272,0.0,-1.2436504048880648,0.0,-0.7674007999823564,-1.4592270187353102,-0.7000240647253911,-0.010416004331753865
15.455211162567139,-0.21070984280244198,0.0,0.589514809410686,0.0,-1.2436627163750114,0.0,-0.7670791529551764,-1.4552044176410461,-0.6958623087263418,-0.010347405357001207
15.496663570404053,-0.2122555923930715,0.0,0.5885163696935312,0.0,-1.2435246996498728,0.0,-0.7681369533734133,-1.4524619334692743,-0.6922247441994882,-0.010286034269385558
15.538874387741089,-0.2137770500154616,0.0,0.5875330887710427,0.0,-1.2432425079096694,0.0,-0.7704259233605286,-1.450854489466633,-0.6890541919127192,-0.010231135346778974
15.582057237625122,-0.21527537117832513,0.0,0.5865642794831618,0.0,-1.2428216752893535,0.0,-0.77381390124251,-1.4502521963405623,-0.686299327445419,-0.0101820251077078
15.621639490127563,-0.21675159636898822,0.0,0.5856093308601932,0.0,-1.242267181947347,0.0,-0.7781830369373653,-1.4505387512413337,-0.6839140868357243,-0.010138087021164593
15.662992000579834,-0.21820666360997454,0.0,0.584667700803718,0.0,-1.2415835123772039,0.0,-0.7834281990737881,-1.451610010098383,-0.6818571328074287,-0.010098764164434173
15.704972267150879,-0.21964141960576142,0.0,0.5837389093891729,0.0,-1.2407747076546323,0.0,-0.7894555660860831,-1.453372712214152,-0.6800913741994817,-0.010063553489777489
15.748528003692627,-0.22105662964150585,0.0,0.5828225327465232,0.0,-1.2398444122542605,0.0,-0.7961813790763798,-1.4557433406938953,-0.6785835336928958,-0.010032000644668925
15.787784814834595,-0.22245298637631367,0.0,0.5819181974765654,0.0,-1.2387959160035684,0.0,-0.803530836920991,-1.4586471039329358,-0.6773037591117019,-0.010003695271857752
15.83027720451355,-0.22383111765679725,0.0,0.5810255755619816,0.0,-1.2376321916814934,0.0,-0.8114371165727919,-1.4620170250051732,-0.6762252739867504,-0.009978266748539669
15.872243881225586,-0.22519159346192363,0.0,0.5801443797341969,0.0,-1.2363559287157915,0.0,-0.8198405036825664,-1.4657931272708726,-0.6753240634759439,-0.009955380326511462
15.915795803070068,-0.22653493207722558,0.0,0.5792743592592025,0.0,-1.2349695633854894,0.0,-0.828687620543668,-1.4699217058301652,-0.6745785921094225,-0.009934733637864897
15.955214738845825,-0.227861605585089,0.0,0.5784152961077396,0.0,-1.2334753058920884,0.0,-0.8379307399915464,-1.4743546756040056,-0.6739695501706352,-0.009916053533423078
15.997501850128174,-0.22917204474784553,0.0,0.5775670014774882,0.0,-1.2318751646251034,0.0,-0.8475271752978022,-1.479048987844096,-0.6734796258358073,-0.009899093223685733
16.03867530822754,-0.23046664335160813,0.0,0.5767293126371555,0.0,-1.2301709679133983,0.0,-0.8574387373200167,-1.4839661077754438,-0.6730933004773771,-0.009883629694499255
16.081933736801147,-0.23174576207104522,0.0,0.5759020900645466,0.0,-1.2283643835233482,0.0,-0.8676312512295429,-1.4890715468737905,-0.6727966647938258,-0.009869461371990332
16.121753692626953,-0.23300973190845242,0.0,0.5750852148528062,0.0,-1.2264569361375801,0.0,-0.8780741260613747,-1.4943344439864041,-0.6725772536600811,-0.009856406013469566
16.164252519607544,-0.23425885725445608,0.0,0.5742785863610415,0.0,-1.2244500230236663,0.0,-0.8887399711354227,-1.4997271901331177,-0.6724238978033134,-0.009844298803051614
16.205241918563843,-0.23549341861234835,0.0,0.5734821200874431,0.0,-1.2223449280803447,0.0,-0.8996042540995213,-1.5052250923802393,-0.6723265905981631,-0.009832990632615413
16.248430967330933,-0.23671367502334645,0.0,0.5726957457448105,0.0,-1.2201428344292815,0.0,-0.9106449959594589,-1.51080607267597,-0.6722763684471917,-0.009822346550477873
16.288342714309692,-0.2379198662258935,0.0,0.5719194055200733,0.0,-1.2178448357029472,0.0,-0.9218424989977111,-1.516450397974774,-0.6722652033663621,-0.009812244361753646
16.330573558807373,-0.23911221457843168,0.0,0.5711530525009643,0.0,-1.215451946163501,0.0,-0.9331791039552899,-1.5221404383708559,-0.6722859065349382,-0.009802573365852317
16.372141361236572,-0.24029092677179967,0.0,0.5703966492544499,0.0,-1.2129651097735756,0.0,-0.9446389732645244,-1.527860450309075,-0.6723320416944645,-0.009793233217914131
16.41517448425293,-0.24145619535450946,0.0,0.5696501665428688,0.0,-1.2103852083273048,0.0,-0.9562078974856518,-1.5335963822527319,-0.6723978473944361,-0.009784132902219246
16.45477557182312,-0.2426082000915854,0.0,0.5689135821649728,0.0,-1.207713068738707,0.0,-0.9678731224203677,-1.5393357004645747,-0.6724781671838792,-0.009775189806733104
16.497511863708496,-0.24374710917535672,0.0,0.5681868799101968,0.0,-1.2049494695744367,0.0,-0.9796231946595224,-1.5450672328050674,-0.6725683869396206,-0.009766328888977606
16.538424491882324,-0.24487308030457478,0.0,0.5674700486155461,0.0,-1.2020951469089394,0.0,-0.9914478235712223,-1.5507810286722767,-0.6726643786042192,-0.009757481924352066
16.58193588256836,-0.2459862616464207,0.0,0.5667630813154403,0.0,-1.1991507995719237,0.0,-1.003337757957257,-1.5564682334050468,-0.6727624496804073,-0.009748586828874615
16.62136459350586,-0.24708679269436623,0.0,0.56606597447574,0.0,-1.196117093850853,0.0,-1.01528467580072,-1.5621209756469554,-0.6728592978954808,-0.009739587049087733
16.664210319519043,-0.24817480503343137,0.0,0.5653787273039871,0.0,-1.1929946677046532,0.0,-1.0272810857015024,-1.5677322663262954,-0.6729519705088247,-0.009730431012569802
16.705092906951904,-0.24925042302311312,0.0,0.564701341128621,0.0,-1.1897841345390279,0.0,-1.0393202387493286,-1.5732959080475146,-0.6730378277893432,-0.00972107163312666
16.74853014945984,-0.2503137644071351,0.0,0.564033818840612,0.0,-1.1864860865885396,0.0,-1.0513960497205983,-1.5788064138157136,-0.673114510237987,-0.009711465865313653
16.78873896598816,-0.25136494085816696,0.0,0.5633761643915609,0.0,-1.1831010979459882,0.0,-1.0635030266059842,-1.584258934127934,-0.6731799091736993,-0.009701574303454764
16.83177137374878,-0.252404058464768,0.0,0.5627283823428657,0.0,-1.1796297272753749,0.0,-1.0756362075833008,-1.5896491915657993,-0.6732321403401145,-0.00969136082079633
16.872626543045044,-0.25343121816701986,0.0,0.5620904774610765,0.0,-1.176072520241032,0.0,-1.0877911046459763,-1.5949734221144047,-0.6732695202254608,-0.00968079224486035
16.91609811782837,-0.25444651614660263,0.0,0.5614624543550103,0.0,-1.1724300116821196,0.0,-1.0999636531819235,-1.600228322512305,-0.6732905448191981,-0.009669838065441458
16.954803466796875,-0.2554500441764413,0.0,0.560844317150618,0.0,-1.1687027275586483,0.0,-1.1121501668736338,-1.6054110030101274,-0.6732938705573013,-0.009658470172041406
16.998127698898315,-0.25644188993448913,0.0,0.5602360691999808,0.0,-1.1648911866925502,0.0,-1.1243472973579496,-1.610518944980143,-0.6732782972335962,-0.009646662617851154
17.03919553756714,-0.2574221372857147,0.0,0.5596377128211615,0.0,-1.160995902324797,0.0,-1.1365519981432002,-1.6155499628760734,-0.6732427526767695,-0.009634391407665591
17.08190417289734,-0.2583908665359141,0.0,0.5590492490659336,0.0,-1.157017383507507,0.0,-1.1487614923358567,-1.6205021700954148,-0.6731862790137187,-0.009621634307381685
17.121217012405396,-0.2593481546605732,0.0,0.5584706775127223,0.0,-1.1529561363479206,0.0,-1.1609732437691793,-1.62537394833359,-0.6731080203540897,-0.009608370672872199
17.164352655410767,-0.2602940755116545,0.0,0.5579019960823227,0.0,-1.1488126651194697,0.0,-1.1731849306228421,-1.6301639193714532,-0.6730072114549831,-0.009594581289704578
17.205559968948364,-0.26122870000491105,0.0,0.5573432008741377,0.0,-1.1445874732541694,0.0,-1.1853944236812717,-1.6348709220845028,-0.6728831685620287,-0.009580248249778715
17.24879264831543,-0.2621520962898917,0.0,0.556794286021133,0.0,-1.1402810642271164,0.0,-1.197599765197861,-1.6394939896680882,-0.6727352802891933,-0.00956535482406412
17.289808988571167,-0.26306432990470674,0.0,0.5562552435616597,0.0,-1.1358939423445484,0.0,-1.2097991497865421,-1.644032328924475,-0.6725629993432696,-0.009549885345020284
17.330947637557983,-0.2639654639174094,0.0,0.5557260633264517,0.0,-1.1314266134459752,0.0,-1.221990908247997,-1.6484853028078519,-0.6723658356083728,-0.009533825110330173
17.372350931167603,-0.26485555905557295,0.0,0.5552067328393825,0.0,-1.1268795855288838,0.0,-1.2341734928946033,-1.6528524144748316,-0.6721433498389096,-0.009517160294831286
17.415322303771973,-0.26573467382548177,0.0,0.5546972372306787,0.0,-1.1222533693038488,0.0,-1.246345464276077,-1.6571332931308844,-0.6718951427050084,-0.00949987779079558
17.455676078796387,-0.2666028646222059,0.0,0.5541975591614102,0.0,-1.1175484786871335,0.0,-1.2585054795666852,-1.6613276808908908,-0.6716208555220623,-0.009481965225568831
17.49770450592041,-0.2674601858316832,0.0,0.5537076787581917,0.0,-1.112765431237137,0.0,-1.270652282174991,-1.665435420994821,-0.671320170227409,-0.009463410966901037
17.539255619049072,-0.26830668992581097,0.0,0.5532275735571369,0.0,-1.1079047485403775,0.0,-1.282784692263872,-1.6694564475979257,-0.6709928003715219,-0.009444203990869543
17.58224058151245,-0.2691424275514337,0.0,0.5527572184561977,0.0,-1.1029669565521454,0.0,-1.2949015984015715,-1.6733907764247204,-0.6706384875299316,-0.009424333831947832
17.623143672943115,-0.2699674476140156,0.0,0.5522965856751147,0.0,-1.0979525858963834,0.0,-1.305521474413324,-1.675231065700186,-0.6687357815438166,-0.00937694670942556
17.664328813552856,-0.270781986450079,0.0,0.5518452179744188,0.0,-1.0928665440606773,0.0,-1.3103561563590642,-1.6692665392285553,-0.6611255187391736,-0.009228971668404959
17.70553708076477,-0.2715869958534734,0.0,0.5514010731257889,0.0,-1.0877298620454892,0.0,-1.320619655303914,-1.6708077302321427,-0.659837186657728,-0.009193441950385099
17.746976137161255,-0.27238266410598305,0.0,0.5509639226854952,0.0,-1.082544547915429,0.0,-1.3324280898015428,-1.6741881402960106,-0.6593671631928437,-0.00917078247680408
17.78965711593628,-0.27316905347575404,0.0,0.5505337341178133,0.0,-1.0773110712042175,0.0,-1.3445096636707825,-1.6778447927268099,-0.6590342078229634,-0.00915006211415521
17.830119609832764,-0.2739462020034116,0.0,0.5501105098878873,0.0,-1.072029614718968,0.0,-1.3566233097030895,-1.6814828085109985,-0.6587094532275437,-0.009129209976615578
17.871862411499023,-0.2747141427151736,0.0,0.5496942570319329,0.0,-1.0667003112244353,0.0,-1.3687231411975225,-1.6850470914228202,-0.6583685102875407,-0.009107831466813817
17.91597270965576,-0.27547290724722345,0.0,0.5492849814132528,0.0,-1.0613232881836414,0.0,-1.380800242336575,-1.6885279008149232,-0.6580067577746228,-0.009085849281903455
17.955082416534424,-0.2762225265265391,0.0,0.5488826866505652,0.0,-1.0558986761903444,0.0,-1.392852697320145,-1.691924074084422,-0.6576233141107679,-0.009063246228671851
17.99714970588684,-0.27696303089655205,0.0,0.5484873739309638,0.0,-1.0504266105315339,0.0,-1.4048799101364604,-1.6952360666120425,-0.6572180032813071,-0.009040016532640844
18.03878355026245,-0.2776944501389723,0.0,0.5480990419903662,0.0,-1.0449072314506993,0.0,-1.4168815278165034,-1.6984646341083864,-0.6567907803525923,-0.009016156618243292
18.082420349121094,-0.2784168134770823,0.0,0.5477176871256163,0.0,-1.0393406841664756,0.0,-1.9339810487830167,-2.10194516075355,-0.7991152375167089,-0.011188736447100434
18.121865272521973,-0.2791005548401443,0.0,0.5473702102432821,0.0,-1.0336656913682485,0.0,-2.4092051396658603,-2.4965359599393846,-0.9443125420861797,-0.013427306748882605
18.164212465286255,-0.27971765674243254,0.0,0.5470855610222648,0.0,-1.0277789751019277,0.0,-2.401960398179996,-2.5094500350145337,-0.9534271854232147,-0.013570113532683503
18.205355167388916,-0.2802683630837224,0.0,0.5468670632676224,0.0,-1.0216360346090454,0.0,-2.3490732458794876,-2.4637730518259073,-0.9363607242689818,-0.013290323269930434
18.24945068359375,-0.28075651258671297,0.0,0.5467117196248392,0.0,-1.0152431225049894,0.0,-2.2933152878044307,-2.411904211307059,-0.916123783756575,-0.01295756743343387
18.28932785987854,-0.2811862005271816,0.0,0.5466156820344268,0.0,-1.0086145461268294,0.0,-2.2421548029860263,-2.3632185039185964,-0.8968770491962252,-0.012638806088383915
18.330755472183228,-0.28156119700305116,0.0,0.5465752518539283,0.0,-1.001764779396268,0.0,-2.196461908186497,-2.319034767532443,-0.8792454610958591,-0.012344224972076292
18.371155500411987,-0.2818848784935939,0.0,0.5465870398231173,0.0,-0.9947071155317,0.0,-2.1559167369502155,-2.2791974036507576,-0.8632022090582487,-0.012073532975032846
18.416024684906006,-0.2821602513405526,0.0,0.5466479698166157,0.0,-0.9874535386173612,0.0,-2.1200246525191635,-2.243312936307269,-0.8486112952765719,-0.011824671325192113
18.455358505249023,-0.28238998836550994,0.0,0.5467552552638121,0.0,-0.9800148122475459,0.0,-2.088302834766168,-2.2109794147951556,-0.835328701882216,-0.011595438680687088
18.497047424316406,-0.2825764642802423,0.0,0.5469063724433469,0.0,-0.9724005975383337,0.0,-2.060310866103309,-2.181826156822882,-0.8232203487954252,-0.01138378081520008
18.539395570755005,-0.28272178763226097,0.0,0.5470990350988894,0.0,-0.9646195662471925,0.0,-2.0356523205884325,-2.155518007524835,-0.8121644204600792,-0.011187828880665407
18.582392930984497,-0.2828278292507197,0.0,0.5473311710880305,0.0,-0.9566795035961068,0.0,-2.0139712957534197,-2.131753177264435,-0.8020508079537375,-0.011005890998893859
18.62187433242798,-0.28289624752677034,0.0,0.5476009010711125,0.0,-0.948587400734837,0.0,-1.9949483496658593,-2.110260117635717,-0.7927800717572633,-0.010836436630800009
18.663387537002563,-0.2829285108882784,0.0,0.5479065191164166,0.0,-0.9403495376924551,0.0,-1.9782966703992557,-2.0907944796052638,-0.7842624033306523,-0.010678081234102027
18.70621132850647,-0.2829259177965952,0.0,0.5482464750769425,0.0,-0.9319715577585153,0.0,-1.9637586448177664,-2.0731363660786988,-0.7764166921311775,-0.010529572253968927
18.749333143234253,-0.282889614555237,0.0,0.5486193585943901,0.0,-0.9234585341845225,0.0,-1.9511028530148884,-2.057087915408681,-0.7691697113687702,-0.010389777059939058
18.789003133773804,-0.28282061118303176,0.0,0.5490238845955784,0.0,-0.9148150299902192,0.0,-1.940121373187851,-2.042471102641528,-0.7624553669898115,-0.010257672216630044
18.830820083618164,-0.28271979557476973,0.0,0.5494588801521745,0.0,-0.9060451515989577,0.0,-1.930627374924057,-2.0291257623532695,-0.7562140134475618,-0.010132333630450224
18.87234878540039,-0.2825879461440157,0.0,0.5499232725852126,0.0,-0.8971525969364326,0.0,-1.922452955905133,-2.0169078005604826,-0.750391828797121,-0.01001292718776495
18.915864944458008,-0.2824257431191787,0.0,0.5504160787044472,0.0,-0.8881406985602676,0.0,-1.9154472011866606,-2.005687582244628,-0.7449402479871137,-0.009898700046239807
18.955793619155884,-0.2822337786437964,0.0,0.550936395080466,0.0,-0.8790124623325366,0.0,-1.9094744478539922,-1.9953484634179808,-0.7398154484807942,-0.009788972751489038
18.9964702129364,-0.28201256581425405,0.0,0.5514833892553646,0.0,-0.8697706020953354,0.0,-1.9044127310027006,-1.985785493156837,-0.7349778845575815,-0.00968313213885078
19.03903865814209,-0.2817625467725944,0.0,0.55205629180547,0.0,-0.8604175707619527,0.0,-1.9001523912485672,-1.9769042926788458,-0.73039186874352,-0.009580624897200567
19.08267116546631,-0.28148409995847734,0.0,0.5526543891768061,0.0,-0.8509555881937318,0.0,-1.8965948336524123,-1.9686199694113253,-0.7260251901230206,-0.009480951778509461
19.121957302093506,-0.28117754661240096,0.0,0.55327701722082,0.0,-0.8413866661943994,0.0,-1.8936514067144177,-1.9608561596206047,-0.7218487730098481,-0.009383662347835994
19.165170431137085,-0.2808431566117117,0.0,0.5539235553643704,0.0,-0.8317126309180239,0.0,-1.8912423728634264,-1.953544144889757,-0.7178363694394393,-0.009288350254974105
19.206181526184082,-0.28048115371160914,0.0,0.5545934213540272,0.0,-0.8219351429547712,0.0,-1.8892959724961718,-1.946622053580528,-0.7139642799817845,-0.009194648951483026
19.249256372451782,-0.28009172025545437,0.0,0.5552860665198321,0.0,-0.8120557153337108,0.0,-1.8877476018256532,-1.9400341635243223,-0.7102110998738709,-0.009102227804965887
19.2883460521698,-0.27967500141179324,0.0,0.5560009715083313,0.0,-0.8020757296603162,0.0,-1.8865390922732201,-1.933730288456855,-0.7065574901314339,-0.009010788603823901
19.331515312194824,-0.27923110898909176,0.0,0.5567376424394479,0.0,-0.791996450583035,0.0,-1.8856180660912876,-1.927665225978401,-0.7029859722307117,-0.00892006241782957
19.372608423233032,-0.2787601248734266,0.0,0.5574956074462453,0.0,-0.7818190387614699,0.0,-1.8849373536992757,-1.9217982575822625,-0.6994807451116394,-0.00882980676507374
19.415794849395752,-0.27826210412937324,0.0,0.5582744135605441,0.0,-0.7715445624903448,0.0,-1.8844544658008773,-1.9160926960259417,-0.6960275214157658,-0.008739803058402855
19.4546639919281,-0.27773707779996226,0.0,0.5590736239108817,0.0,-0.7611740081175696,0.0,-1.8841311169580617,-1.9105154760106422,-0.6926133780571375,-0.00864985430915213
19.497987985610962,-0.2771850554377069,0.0,0.5598928152024656,0.0,-0.7507082893807189,0.0,-1.883932798620163,-1.9050367869917122,-0.6892266203170994,-0.008559783055704163
19.53873109817505,-0.2766060273952762,0.0,0.5607315754516726,0.0,-0.7401482557736634,0.0,-1.8838283973326604,-1.899629744564395,-0.685856659710445,-0.008469429493986729
19.573899030685425,-0.27599996690131096,0.0,0.5615895019502951,0.0,-0.7294947000435981,0.0,-1.8837898523698537,-1.8942700938663157,-0.682493904509916,-0.008378649793503293
19.61681365966797,-0.27536683194414935,0.0,0.5624661994371666,0.0,-0.7187483649082859,0.0,-1.883791848092754,-1.8889359415101603,-0.6791296614537627,-0.008287314582145204
19.656818628311157,-0.2747065669837794,0.0,0.5633612784569928,0.0,-0.7079099490740314,0.0,-1.8838115372866893,-1.8836075159743566,-0.6757560472591719,-0.008195307581867269
19.69905710220337,-0.2740191045101785,0.0,0.5642743538881934,0.0,-0.6969801126265847,0.0,-1.8838282923607403,-1.8782669536659968,-0.6723659089384866,-0.008102524379438598
19.74112105369568,-0.2733043664642596,0.0,0.5652050436233578,0.0,-0.6859594818597373,0.0,-1.8838234817485928,-1.872898106639743,-0.6689527521259452,-0.008008871319679853
19.783751487731934,-0.27256226553592533,0.0,0.5661529673875441,0.0,-0.6748486535996877,0.0,-1.8837802690446366,-1.867486369497188,-0.6655106766394772,-0.007914264509660693
19.82533359527588,-0.27179270635218905,0.0,0.5671177456811141,0.0,-0.6636481990772602,0.0,-1.8836834325882057,-1.8620185237156066,-0.662034318550812,-0.007818628923007796
19.866355180740356,-0.2709955865669481,0.0,0.5680989988351294,0.0,-0.6523586673947035,0.0,-1.8835192034221768,-1.8564825977726118,-0.6585187981113095,-0.007721897594431046
19.90668296813965,-0.2701707978627666,0.0,0.5690963461685282,0.0,-0.6409805886289426,0.0,-1.8832751197602315,-1.8508677415215677,-0.654959672949244,-0.007624010895548206
19.950820922851562,-0.26931822687392504,0.0,0.5701094052373878,0.0,-0.6295144766088681,0.0,-1.882939896286461,-1.8451641133957164,-0.6513528960134525,-0.0075249158839682615
19.99086284637451,-0.26843775603901665,0.0,0.5711377911675543,0.0,-0.6179608314003429,0.0,-1.8825033067823924,-1.8393627791515141,-0.6476947777909627,-0.007424565718386808
20.024869918823242,-0.2675292643904821,0.0,0.5721811160627907,0.0,-0.6063201415291547,0.0,-1.88195607872925,-1.8334556209876043,-0.6439819523731105,-0.007322919133155402
20.067081212997437,-0.26659262828770236,0.0,0.5732389884814104,0.0,-0.5945928859689964,0.0,-1.8812897986856794,-1.8274352559907476,-0.6402113469863355,-0.007219939966418211
20.108558177947998,-0.26562772209954866,0.0,0.5743110129750512,0.0,-0.5827795359187918,0.0,-1.8804968520272083,-1.821294963231769,-0.6363801547603278,-0.007115596738184762
20.152089595794678,-0.26463441884164907,0.0,0.5753967896839332,0.0,-0.5708805563909323,0.0,-1.8795703171299398,-1.8150286170495054,-0.6324858099680012,-0.007009862261863712
20.190942764282227,-0.26361259077312443,0.0,0.5764959139834402,0.0,-0.558896407630412,0.0,-1.8785038705379593,-1.8086306262326297,-0.6285259660699867,-0.0069027132860325895
20.234192371368408,-0.26256210995699836,0.0,0.5776079761774396,0.0,-0.5468275463824134,0.0,-1.8772917660116313,-1.8020958868243584,-0.6244984760208366,-0.006794130236267924
20.275469064712524,-0.2614828487879945,0.0,0.5787325612342665,0.0,-0.5346744270236639,0.0,-1.8759287717560755,-1.7954197325590608,-0.6204013745827786,-0.0066840969214546665
20.31862711906433,-0.26037468049107626,0.0,0.579869248561661,0.0,-0.5224375025718252,0.0,-1.8744101192500253,-1.788597891986715,-0.6162328624789266,-0.006572600283684001
20.35833430290222,-0.2592374795937104,0.0,0.58101761181734,0.0,-0.510117225585583,0.0,-1.8727314588473545,-1.7816264505197794,-0.6119912922015819,-0.006459630178054484
20.373449087142944,-0.25807112237450447,0.0,0.5821772187522293,0.0,-0.49771404896680665,0.0,-1.8708888199618874,-1.7745018164623523,-0.6076751553155879,-0.006345179175519014
20.415262460708618,-0.2568754872905742,0.0,0.5833476310836838,0.0,-0.48522842667496235,0.0,-1.8688785753673556,-1.7672206906147654,-0.6032830711049357,-0.006229242386405088
20.456689596176147,-0.255650455385732,0.0,0.584528404396306,0.0,-0.4726608143629186,0.0,-1.8666974091948019,-1.7597800390908707,-0.5988137764271859,-0.006111817302487301
20.49770975112915,-0.2543959106813514,0.0,0.5857190880682144,0.0,-0.4600116699423432,0.0,-1.86434228825326,-1.7521770690234206,-0.5942661166544323,-0.0059929036557084415
20.538955211639404,-0.2531117405515467,0.0,0.586919225220837,0.0,-0.44728145408605025,0.0,-1.8618104363361483,-1.744409206864586,-0.5896390375910293,-0.005872503291823712
20.58271837234497,-0.2517978360841196,0.0,0.5881283526905059,0.0,-0.4344706306738979,0.0,-1.8400102928698978,-1.7166657049025773,-0.5763590637321692,-0.005626546483140394
20.62291121482849,-0.2504557390019132,0.0,0.5893444208562658,0.0,-0.42158674335160423,0.0,-1.8016183872180354,-1.6717337518878959,-0.5556032930721762,-0.005271706083591777
20.664214611053467,-0.24908847755419036,0.0,0.5905640523697394,0.0,-0.4086452286968842,0.0,-1.7921907705444977,-1.6569252951113027,-0.5478451722044516,-0.00510358811093111
20.70478868484497,-0.2476966299136138,0.0,0.5917863154575401,0.0,-0.3956522927644609,0.0,-1.7881016191128452,-1.647969168901858,-0.5426474636808762,-0.004973548159874852
20.74965524673462,-0.24628026111932827,0.0,0.5930107842259273,0.0,-0.38260923600011,0.0,-1.7849538065146933,-1.6400916204051157,-0.5379113084262774,-0.004850193202524267
20.7895565032959,-0.24483933470040886,0.0,0.5942371304232568,0.0,-0.369516376327158,0.0,-1.781862996096118,-1.6323341128913769,-0.5332155399438809,-0.004727253114862477
20.830175399780273,-0.24337379588715014,0.0,0.5954650421546921,0.0,-0.3563738348690826,0.0,-1.7786497289833063,-1.624502253525351,-0.5284749647227305,-0.004603477895584378
20.872209310531616,-0.24188358861829412,0.0,0.5966942076141504,0.0,-0.3431816941808926,0.0,-1.7752766802361424,-1.6165554380409115,-0.5236719995362824,-0.004478625812701232
20.91590452194214,-0.24036865914050498,0.0,0.5979243118067964,0.0,-0.32994003041431774,0.0,-1.7717353824629334,-1.6084842139451179,-0.518802759450773,-0.004352659279514372
20.955312252044678,-0.23882895687700834,0.0,0.5991550358844049,0.0,-0.31664892002986034,0.0,-1.7680233197929942,-1.6002855274850356,-0.5138661784961778,-0.00422558295422696
20.997792720794678,-0.237264434734151,0.0,0.6003860570144675,0.0,-0.30330844133315005,0.0,-1.7641392704540753,-1.5919577011390502,-0.5088618029885879,-0.004097410973983339
21.039766550064087,-0.23567504928859262,0.0,0.6016170483643707,0.0,-0.28991867494131396,0.0,-1.7600823505958083,-1.5834994057870984,-0.5037893403949725,-0.003968160267706454
21.083125829696655,-0.234060760946156,0.0,0.6028476791156171,0.0,-0.276479704015554,0.0,-1.755851812515969,-1.5749094455574928,-0.4986485652470791,-0.003837849160363301
21.12199354171753,-0.23242153409137364,0.0,0.6040776144904296,0.0,-0.26299161443214614,0.0,-1.7514469977764686,-1.5661867091213106,-0.49343929813879805,-0.0037064970576788413
21.155965089797974,-0.2307573372319408,0.0,0.6053065157867547,0.0,-0.2494544949285488,0.0,-1.7468673226842226,-1.5573301555969896,-0.4881613998884557,-0.0035741243544456657
21.19914150238037,-0.22906814313919527,0.0,0.6065340404205064,0.0,-0.23586843723343515,0.0,-1.7421122709510084,-1.5483388080204818,-0.4828147689895218,-0.003440752391131833
21.24178981781006,-0.2273539289850698,0.0,0.6077598419745105,0.0,-0.2222335361835904,0.0,-1.7371813882939,-1.5392117487753358,-0.4773993398909742,-0.003306403422564418
21.28360652923584,-0.22561467647579828,0.0,0.6089835702537495,0.0,-0.2085498898293086,0.0,-1.7320742778502762,-1.529948115787827,-0.4719150815852124,-0.0031711005909965976
21.3251793384552,-0.22385037198259425,0.0,0.6102048713465855,0.0,-0.194817599529542,0.0,-1.7267905961323906,-1.5205470992035557,-0.4663619963814774,-0.0030348679017473106
21.367136001586914,-0.2220610066694881,0.0,0.6114233876916649,0.0,-0.18103677003788643,0.0,-1.7213300494285162,-1.5110079384552229,-0.4607401188272242,-0.0028977302008424185
21.407525539398193,-0.22024657661847782,0.0,0.6126387581502394,0.0,-0.16720750958037411,0.0,-1.7156923905987163,-1.5013299196744003,-0.45504951475857713,-0.002759713154361832
21.45096492767334,-0.21840708295212544,0.0,0.61385061808367,0.0,-0.1533299299259438,0.0,-1.7098774162251218,-1.4915123734117373,-0.44929028046593644,-0.002620843229270544
21.490431308746338,-0.21654253195370946,0.0,0.6150585994358986,0.0,-0.1394041464503711,0.0,-1.7038849640816847,-1.4815546726350552,-0.4434625419627429,-0.0024811476755416703
21.533592462539673,-0.21465293518502163,0.0,0.6162623308206893,0.0,-0.12543027819436475,0.0,-1.6977149108923741,-1.4714562309780388,-0.4375664543467435,-0.0023406545094005688
21.57443118095398,-0.212738309601881,0.0,0.6174614376134722,0.0,-0.11140844791646413,0.0,-1.6913671703497941,-1.4612165012151026,-0.4316022012441073,-0.002199392497535256
21.6165554523468,-0.21079867766741753,0.0,0.6186555420476217,0.0,-0.09733878214130748,0.0,-1.684841691368701,-1.4508349739400748,-0.42556999432763937,-0.0020573911421329426
21.65831232070923,-0.208834067463168,0.0,0.6198442633150303,0.0,-0.0832214112037872,0.0,-1.677706639065376,-1.4399551677513804,-0.4191416721347087,-0.0018187247751577091
21.698889017105103,-0.2068461758407906,0.0,0.6210271173814063,0.0,-0.06922559294450609,0.0,-1.670441087523315,-1.4289342089575987,-0.41273994208629117,-0.001638804736459271
21.73988437652588,-0.20483585107269747,0.0,0.6222037389687185,0.0,-0.05543130057658632,0.0,-1.6633129729542402,-1.4180449959342964,-0.406494553997026,-0.0015219800183342504
21.78346562385559,-0.20280296004085197,0.0,0.623373839570519,0.0,-0.04181880477646202,0.0,-1.6561272378710028,-1.407138264287977,-0.40023513428890894,-0.0014060413283488817
21.823632955551147,-0.20074737895587855,0.0,0.624537124675734,0.0,-0.028370283748347776,0.0,-1.6487846328114686,-1.396109748199438,-0.39391680881775687,-0.0012903533617230679
21.865689516067505,-0.19866900248195207,0.0,0.6256932885045259,0.0,-0.015069709536120104,0.0,-1.6412638724136195,-1.384936750371652,-0.3875303627975139,-0.0011747843065386281
21.9058518409729,-0.1965677447587812,0.0,0.626842014007874,0.0,-0.0019026856452622597,0.0,-1.6335609085835199,-1.3736145889198141,-0.38107444888583486,-0.0010593153871545817
21.94909429550171,-0.1944435387070125,0.0,0.6279829738766337,-0.0,0.01114371237635333,-0.0,-1.6256754910680082,-1.3621425483813945,-0.37454944681864777,-0.0009439544653666023
21.991958379745483,-0.19229633503160024,0.0,0.6291158316507494,-0.0,0.02408108336166924,-0.0,-1.6176081874174544,-1.3505207687510778,-0.3679561054889477,-0.0008287166359126031
22.032124280929565,-0.19012610123327978,0.0,0.6302402427464489,-0.0,0.036919832961400244,-0.0,-1.6093597235997936,-1.3387495586756053,-0.3612952444881953,-0.0007136196666073765
22.074421167373657,-0.18793282069218314,0.0,0.6313558553759638,-0.0,0.04966929298435791,-0.0,-1.6009308408472016,-1.3268292471900376,-0.35456769080627104,-0.0005986827671024889
22.11691641807556,-0.18571649183270533,0.0,0.6324623113666281,-0.0,0.06233782883732221,-0.0,-1.5923222674236417,-1.3147601550782633,-0.34777426762577446,-0.000483926130381937
22.157147884368896,-0.18347712736657817,0.0,0.6335592468915512,-0.0,0.0749329362291452,-0.0,-1.5835347158022548,-1.3025425925400809,-0.3409157944559395,-0.00036937067419164603
22.19946813583374,-0.18121475360858524,0.0,0.6346462931237173,-0.0,0.08746132820697498,-0.0,-1.5745688852445505,-1.2901768623507064,-0.33399308953015916,-0.00025503785051439855
22.2397882938385,-0.17892940985903566,0.0,0.6357230768240172,-0.0,0.09992901349010412,-0.0,-1.5654254653165423,-1.2776632638916932,-0.3270069724628109,-0.00014094949004812406
22.284090757369995,-0.1766211478473056,0.0,0.6367892208723119,-0.0,0.11234136697136816,-0.0,-1.5561051393614496,-1.2650020970553288,-0.3199582667417654,-2.7127671282266806e-05
22.325231313705444,-0.174290031231078,0.0,0.6378443447493847,-0.0,0.12470319316925026,-0.0,-1.5466085877300146,-1.2521936658333352,-0.3128478019847538,8.640539069473731e-05
22.365052461624146,-0.17193613514625983,0.0,0.6388880649765601,-0.0,0.137018783335565,-0.0,-1.5369364907453076,-1.2392382815796343,-0.3056764159645895,0.0001996274388818193
22.40778422355652,-0.16955954580290625,0.0,0.6399199955188459,-0.0,0.14929196685312213,-0.0,-1.5270895314167139,-1.2261362659733397,-0.298444956423063,0.00031251625507015173
22.45042610168457,-0.16716036012282356,0.0,0.6409397481566566,-0.0,0.1615261574943271,-0.0,-1.517068397923792,-1.212887953712327,-0.2911542826943123,0.0004250497286578409
22.490124225616455,-0.16473868541485068,0.0,0.6419469328304909,-0.0,0.17372439505457743,-0.0,-1.5068737858918915,-1.199493694966788,-0.28380526715708515,0.0005372059153303937
22.53300189971924,-0.16229463908413072,0.0,0.6429411579623572,-0.0,0.18588938282293208,-0.0,-1.4965064004792314,-1.1859538576186477,-0.27639879653315325,0.0006489630870922243
22.57385563850403,-0.15982834837198134,0.0,0.6439220307572238,-0.0,0.1980235213062815,-0.0,-1.4859669582930761,-1.1722688293094161,-0.2689357730470018,0.0007602997749095936
22.61720895767212,-0.15733995012324348,0.0,0.6448891574873387,-0.0,0.21012893858162626,-0.0,-1.4752561891518319,-1.1584390193171306,-0.2614171154604984,0.0008711948050304547
