timestamp,target_x,target_z,actual_x,actual_z,joint1_angle,joint2_angle,joint3_angle,joint1_torque,joint2_torque,joint3_torque,kp,kd,radius,center_x,center_z
1753168851.5241656,0.15,0.10000000000000002,0.1441859919838803,0.0988066875537068,1.1465763782829328,1.594003254597666,0.8675540461150119,-16.402218462703054,-3.331110620711436,1.0466837129286217,0.1,0.4,0.1,0.25,0.1
1753168851.5867958,0.15003209247035693,0.1025332714313188,0.1440114908760745,0.09653462201678636,1.1564360695213922,1.5893239543322903,0.8625128792315647,-30.098886932061337,-5.1827020657811556,2.3568631293694087,0.1,0.4,0.1,0.25,0.1
1753168851.6468472,0.1501283492828947,0.10506491688387126,0.14388386143894444,0.09488945879353822,1.1616053830801925,1.5867867229225991,0.8601128587776866,-36.205187451159595,-6.31660270051204,2.854819509892517,0.1,0.4,0.1,0.25,0.1
1753168851.705274,0.15028870865523525,0.10759331142252465,0.14380717426145775,0.09403903504813652,1.1619483351851843,1.5865015972784526,0.860356335525791,-37.23566766407464,-6.688313274498726,2.848173692786735,0.1,0.4,0.1,0.25,0.1
1753168851.7644498,0.15051306766081046,0.11011683219874324,0.14379035780984828,0.09400397865130301,1.157794816536355,1.5883758878139786,0.8627869148574763,-35.11060975335001,-6.463076918048819,2.5613471659224794,0.1,0.4,0.1,0.25,0.1
1753168851.8224852,0.15080128229492568,0.11263385949221293,0.14384243370684816,0.09471425017655338,1.1497138457533134,1.5922173226994396,0.8666979662689962,-31.2574450683208,-5.824391070913982,2.1500198496926473,0.1,0.4,0.1,0.25,0.1
1753168851.881275,0.15115316756718886,0.11514277775045766,0.1439696558936014,0.09605186053656552,1.1383980267974991,1.5977306299259615,0.8714010326664197,-26.63365230256704,-5.016090287742511,1.7078842000272525,0.1,0.4,0.1,0.25,0.1
1753168851.9404092,0.15156849762024657,0.11764197662578083,0.14417465922684086,0.09788167241599544,1.12493324374618,1.603928740512465,0.8773031150572306,-21.010956458392936,-4.599070535085053,1.2930251174150347,0.1,0.4,0.1,0.25,0.1
1753168851.9994433,0.15204700587475056,0.12012985200886603,0.1444486177907326,0.10007358117344808,1.110025102928153,1.6104062613867531,0.8840601920876519,-16.621558666516776,-3.8785973193145495,0.9368227447615806,0.1,0.4,0.1,0.25,0.1
1753168852.0581257,0.1525883852004613,0.12260480705837354,0.14478826650672708,0.10251074871826216,1.0945401880045162,1.616367682632358,0.8921050950779106,-12.248161943174525,-3.5627085578995015,0.6479356593056026,0.1,0.4,0.1,0.25,0.1
1753168852.1160378,0.1531922881133796,0.1250652532258721,0.14518420937516155,0.10509824753021851,1.0789193145264178,1.6216125787202742,0.901145040276557,-9.454003789316154,-3.063532383454713,0.4240602647450399,0.1,0.4,0.1,0.25,0.1
1753168852.1747048,0.15385832699877877,0.12750961127544783,0.1456347576469551,0.10776156210577914,1.0633310867371717,1.6262636918923559,0.9105607482089246,-7.813567059796065,-2.5408505589058326,0.25902850132614563,0.1,0.4,0.1,0.25,0.1
1753168852.2328374,0.1545860743599951,0.12993631229733582,0.1461424239147438,0.11044547237775244,1.0477354985223062,1.6306606432338406,0.9195557734145602,-7.103247513374961,-2.0272125143320867,0.151552762026777,0.1,0.4,0.1,0.25,0.1
1753168852.2928414,0.1553750630928163,0.1323437987149238,0.14671164781606083,0.11311221050601947,1.0323340249116906,1.6346398090540066,0.9282036546608696,-6.083258113008259,-1.9807206783581308,0.07575734944553997,0.1,0.4,0.1,0.25,0.1
1753168852.3510914,0.15622478678529195,0.13473052528448207,0.14734167920804608,0.11573981494568636,1.017664635107817,1.6374343948457915,0.9375633117002227,-4.403467535022949,-2.4242648370954667,0.021108406345569913,0.1,0.4,0.1,0.25,0.1
1753168852.4093425,0.1571347000427738,0.1370949600869768,0.14802495559371853,0.11831852840250803,1.0031481923973853,1.64003586911884,0.9460980585996467,-5.825018279562542,-1.7932199274841198,0.01046016203286303,0.1,0.4,0.1,0.25,0.1
1753168852.4710233,0.15810421883797693,0.13943558551133187,0.14877362814812367,0.12084036104034675,0.9876192742353409,1.6443213344524192,0.9509640338249388,-8.810587394782766,-0.5789685654289517,0.019999659125179946,0.1,0.4,0.1,0.25,0.1
1753168852.5307865,0.15913272088583752,0.1417508992285063,0.14960919967652925,0.12329599731863869,0.9720298362547927,1.6487228337225537,0.9545648792993714,-6.36227406149206,-1.6566658356974904,0.01131204959376444,0.1,0.4,0.1,0.25,0.1
1753168852.5905142,0.16021954604292582,0.14403941515576346,0.15051434494599403,0.12569746942029156,0.9563877438799454,1.6532238605525331,0.9569362495901803,-6.350818634627704,-1.7156100959226082,0.007519535828945951,0.1,0.4,0.1,0.25,0.1
1753168852.650361,0.1613639967311592,0.1462996644105121,0.15148941313792483,0.1280474066820266,0.9399573804151978,1.6589928047626186,0.9563231251941269,-8.232411331184444,-0.9485104835899787,0.019141426984809785,0.1,0.4,0.1,0.25,0.1
1753168852.7127979,0.16256533838554177,0.14853019625310812,0.1525469313481897,0.13034253778719135,0.9241187090288784,1.66381362033733,0.9561177472815031,-4.717644957220077,-2.5064684139223647,0.0030751582233725858,0.1,0.4,0.1,0.25,0.1
1753168852.7735622,0.16382279992564502,0.15072957901801073,0.15366261122643982,0.13260066813934052,0.909154562290953,1.6672598934511844,0.9569820990921619,-4.00759011147835,-2.8602787362954363,-0.00512906393672137,0.1,0.4,0.1,0.25,0.1
1753168852.8337512,0.1651355742505249,0.15289640103269628,0.1548309813267914,0.1348258900872002,0.8952031390994643,1.6691428863488413,0.9592094907381521,-3.6693222107990104,-3.056901055797582,-0.014599578002358893,0.1,0.4,0.1,0.25,0.1
1753168852.8929198,0.16650281875675926,0.15502927152373916,0.15604929815689653,0.13702004788874694,0.882012678762095,1.6698879835079081,0.9621646930866755,-4.337145135642574,-2.8186469551665843,-0.012341777204255677,0.1,0.4,0.1,0.25,0.1
1753168852.9518294,0.16792365587927238,0.15712682150947926,0.15732102660231215,0.13918207901265908,0.8693128122616806,1.669945623888225,0.965169166854407,-5.035792540160477,-2.551262335868353,-0.01191308189774731,0.1,0.4,0.1,0.25,0.1
1753168853.0105534,0.1693971736545995,0.15918770467870177,0.1586503364500036,0.14131045784844576,0.8570718177865693,1.6693884640137666,0.9681157675154676,-5.105136103650421,-2.5376340952386265,-0.01741490721849719,0.1,0.4,0.1,0.25,0.1
1753168853.0699284,0.17092242630623017,0.1612105982547663,0.16003742783420374,0.14340538128669628,0.8452537111220549,1.668299601400353,0.970881357149629,-5.167632666915545,-2.503539793363384,-0.022305370735766026,0.1,0.4,0.1,0.25,0.1
1753168853.1294763,0.17249843485165411,0.1631942038446304,0.16148229381914564,0.14546645350641826,0.8337663054725977,1.6668535957884827,0.9732034607301151,-5.3570893870508405,-2.394260974803821,-0.026445605338926235,0.1,0.4,0.1,0.25,0.1
1753168853.1889496,0.17412418773072091,0.16513724827222223,0.16298576666683545,0.14749228742758913,0.8225758486264525,1.6651350576789061,0.9749566877203029,-5.382944992646096,-2.339145062663674,-0.03196899961702168,0.1,0.4,0.1,0.25,0.1
1753168853.2485747,0.17579864145490892,0.16703848439562788,0.16454758672670078,0.14948170966729696,0.8096787593569243,1.6663784546491598,0.9712380580184354,-10.214038700778751,0.07974048476966505,0.008145057363722133,0.1,0.4,0.1,0.25,0.1
1753168853.3077254,0.177520721277088,0.16889669190756867,0.16619904152074758,0.1514115592029729,0.7960673230835866,1.6690285908237203,0.9644173621794185,-7.615976053778985,-1.0203331372990434,-0.02330458906812171,0.1,0.4,0.1,0.25,0.1
1753168853.3664334,0.17928932188134525,0.17071067811865476,0.1679243533700284,0.1532961137451913,0.7824495303234449,1.6720044192781596,0.9561372210949013,-5.718332372531464,-1.7704479477112018,-0.0492857834141602,0.1,0.4,0.1,0.25,0.1
1753168853.4254804,0.18110330809243133,0.17247927872291202,0.1697112872452501,0.15514304515157648,0.7693176294408575,1.6745703737918063,0.9475129766271483,-4.378392822303227,-2.2943865533589705,-0.07589397639870711,0.1,0.4,0.1,0.25,0.1
1753168853.4841633,0.18296151560437213,0.17420135854509106,0.17155101317909005,0.15695523608907858,0.7570332472988461,1.6761916018680707,0.9393610153521169,-3.3944884835993148,-2.6953274363371507,-0.10007459388194997,0.1,0.4,0.1,0.25,0.1
1753168853.5433862,0.18486275172777777,0.17587581226927912,0.17343633789898355,0.15873305899808912,0.7453857099994792,1.6772678453411558,0.9310730940761252,-3.776301451195553,-2.365853105825923,-0.10782894718221725,0.1,0.4,0.1,0.25,0.1
1753168853.6021378,0.1868057961553696,0.1775015651483459,0.17536919787879834,0.1604700870312587,0.734608135130011,1.677449835480757,0.9231920155985264,-3.1622775374125447,-2.6593788102077793,-0.12841718374283456,0.1,0.4,0.1,0.25,0.1
1753168853.6613648,0.1887894017452337,0.17907757369376986,0.1773446977942691,0.16216664687766036,0.7247943982923623,1.67660964530293,0.9159267502734195,-2.8964940171723343,-2.784761589724459,-0.14326515055556224,0.1,0.4,0.1,0.25,0.1
1753168853.7201898,0.19081229532129826,0.1806028263454005,0.17935989621636367,0.16382140089438374,0.7159534768516825,1.6747534622558757,0.9092788638177383,-2.8459998790906256,-2.8124746872407647,-0.15741893831930237,0.1,0.4,0.1,0.25,0.1
1753168853.7794816,0.19287317849052074,0.18207634412072762,0.18141367207094947,0.1654323073906385,0.7080795999607802,1.6719034173445375,0.9032297484180137,-2.8496834073564337,-2.832309078147968,-0.16894555550960502,0.1,0.4,0.1,0.25,0.1
1753168853.838091,0.19497072847626087,0.18349718124324074,0.183505020965802,0.1669979460638506,0.7011393846722354,1.668124799177806,0.8976979392434186,-2.9200947491611022,-2.8106885563833175,-0.17652243214338634,0.1,0.4,0.1,0.25,0.1
1753168853.897414,0.19710359896730376,0.1848644257494751,0.18563310275023875,0.1685169090930896,0.6950867751974602,1.6635017679703823,0.8925758674260271,-3.021251691151785,-2.7675120238316726,-0.18101971483795512,0.1,0.4,0.1,0.25,0.1
1753168853.9568164,0.19927042098198924,0.18617720007435495,0.18779704570983874,0.16998796093039453,0.6898701120967002,1.6581265381490262,0.8877378152587074,-3.138296866123399,-2.72243393708238,-0.18877453071811803,0.1,0.4,0.1,0.25,0.1
1753168854.016275,0.20146980374689188,0.1874346616144582,0.18999674357885596,0.17140991843273667,0.6855073697187207,1.6519650531843235,0.8832607379683481,-3.1099847975611636,-2.776743188636265,-0.19367168547771205,0.1,0.4,0.1,0.25,0.1
1753168854.075857,0.2037003355894879,0.18863600326884084,0.19223010539052698,0.1727827491679923,0.681977023048235,1.6450515068572975,0.8791119283308891,-3.167489996311321,-2.7727414572044515,-0.19899134513040612,0.1,0.4,0.1,0.25,0.1
1753168854.1356819,0.20596058484423657,0.18978045395707416,0.19449610319747096,0.174105793371622,0.6794426046096023,1.637092224605785,0.8757601253064554,-2.818694123218688,-3.0381311932454818,-0.2118513051615572,0.1,0.4,0.1,0.25,0.1
1753168854.1959133,0.20824910077149372,0.1908672791141625,0.19679045383993715,0.1753792752804397,0.6777087313355008,1.6284296332605568,0.8727008037580122,-3.241341768021011,-2.7525138495892705,-0.20441993420489965,0.1,0.4,0.1,0.25,0.1
1753168854.2553074,0.21056441448866814,0.19189578116202308,0.19911460233425207,0.1766005374402167,0.6767937601030828,1.619021632159352,0.8700148977014183,-3.2179807598794636,-2.8053980433534678,-0.21093893233003738,0.1,0.4,0.1,0.25,0.1
1753168854.3159363,0.21290503991302323,0.19286529995722623,0.20146701823332105,0.17776914107106587,0.6765932870899513,1.6090502003098308,0.8674486259664711,-3.439004881271765,-2.6457271720573314,-0.20366779355335263,0.1,0.4,0.1,0.25,0.1
1753168854.3767936,0.215269474715518,0.19377521321470806,0.20384722364373084,0.17888352287509307,0.6769681220779848,1.598765334027911,0.8646414909657735,-3.7235272712798215,-2.4289732380328966,-0.1965355503883178,0.1,0.4,0.1,0.25,0.1
1753168854.436369,0.21765620128507618,0.1946249369071837,0.20625577547712232,0.17994195978852115,0.6777701051395472,1.5884398219967755,0.8611976361420584,-4.014702071043533,-2.1930152797203224,-0.19006460427184205,0.1,0.4,0.1,0.25,0.1
1753168854.4954634,0.22006368770266418,0.1954139256400049,0.20869366872052958,0.18094285597457788,0.6790670350919498,1.577942520581994,0.8573416848309411,-3.8823323625033113,-2.307915113615616,-0.19436850616242682,0.1,0.4,0.1,0.25,0.1
1753168854.554031,0.2224903887245522,0.19614167300122126,0.21115798366756944,0.1818868144034154,0.6809269853920727,1.5671380793980094,0.8533018654039468,-3.7551053298771704,-2.424130066885453,-0.19909757241796927,0.1,0.4,0.1,0.25,0.1
1753168854.6134727,0.22493474677412797,0.19680771188662044,0.21364583997416478,0.18277411031016627,0.6833277029884772,1.5560630900034753,0.849039484450829,-3.797782841095601,-2.388080876258275,-0.1999971206402871,0.1,0.4,0.1,0.25,0.1
1753168854.6725636,0.22739519294162652,0.19741161479953873,0.21615618998239994,0.18360384454750334,0.6864351815875901,1.5443835911843027,0.8450814797148505,-3.507794839403201,-2.6770066801650083,-0.21128395403709807,0.1,0.4,0.1,0.25,0.1
1753168854.731701,0.22987014799113403,0.19795299412524947,0.21868452818955175,0.1843769005362147,0.6910046486727153,1.5306034218829316,0.8436985820118512,-2.153546023564828,-3.9691326418895314,-0.2664717387745207,0.1,0.4,0.1,0.25,0.1
1753168854.7913778,0.23235802337421918,0.19843150237975343,0.2212173095627689,0.18509701035392134,0.6964232984985477,1.5158861635667202,0.843142716512008,-3.3202491507897456,-2.9322933882075692,-0.2172857449897472,0.1,0.4,0.1,0.25,0.1
1753168854.8507252,0.23485722224954236,0.19884683243281115,0.22376195635723878,0.18575813889196435,0.7023065237716007,1.500973318100416,0.8423155123932231,-4.030280786777381,-2.2682164893475805,-0.18270951180291226,0.1,0.4,0.1,0.25,0.1
1753168854.9108078,0.2373661405077871,0.1991987177050743,0.22632230030946296,0.18635675562931792,0.7075170165515522,1.4881638145830058,0.8377736718684613,-5.9217238316349,-0.26260306230896524,-0.10278885536350192,0.1,0.4,0.1,0.25,0.1
1753168854.9698787,0.2398831678012568,0.19948693233918952,0.22891639202329328,0.18688277946130313,0.7131755500048397,1.4751769841932936,0.8330031791083086,-4.121474398730248,-2.269342312083443,-0.17610108317908793,0.1,0.4,0.1,0.25,0.1
1753168855.0294702,0.24240668857747538,0.19971129134476476,0.23152204953728478,0.18734936693693185,0.7193194305241646,1.4619257913900674,0.828145683402753,-4.0797808791228025,-2.337744295064971,-0.18125669461116556,0.1,0.4,0.1,0.25,0.1
1753168855.089077,0.24493508311612874,0.19987165071710528,0.23413753086396685,0.18775619693419507,0.725893673234111,1.448514075437294,0.8230549360916308,-4.1817623646545545,-2.2378785232199205,-0.17933360946315144,0.1,0.4,0.1,0.25,0.1
1753168855.1482558,0.24746672856868124,0.19996790752964305,0.23676263168839232,0.18810205890876097,0.7328876063932838,1.4349520989948452,0.8177323413324106,-4.220981748036055,-2.2158450812614197,-0.17651925707945595,0.1,0.4,0.1,0.25,0.1
1753168855.2072043,0.25,0.2,0.2393956986300878,0.18838645520234734,0.7396180828273419,1.4227016334339488,0.8099951316855721,-5.177158071249901,-0.9363492695704906,-0.12958339892359283,0.1,0.4,0.1,0.25,0.1
1753168855.266241,0.25253327143131876,0.19996790752964305,0.24204800236410515,0.18860286438349536,0.7465069115118793,1.410863309772329,0.8012193276884506,-4.612385257524415,-1.723687162628439,-0.15922947079214095,0.1,0.4,0.1,0.25,0.1
1753168855.3248816,0.2550649168838713,0.19987165071710528,0.2447098267928628,0.18875684800791614,0.7537582928893434,1.3989886410875063,0.7920886430756398,-4.3682302414302425,-2.113015284256699,-0.17757002176238568,0.1,0.4,0.1,0.25,0.1
1753168855.3837378,0.2575933114225246,0.19971129134476476,0.2473762321374518,0.1888505099279409,0.7613887089980212,1.3870304237149638,0.782694257239624,-4.3700449921661395,-2.1324699648556686,-0.17364768036461986,0.1,0.4,0.1,0.25,0.1
1753168855.442951,0.2601168321987432,0.19948693233918952,0.2500444261731447,0.1888836073682585,0.7694249961665375,1.374917922413257,0.7731531797896314,-4.362941911955358,-2.1792763570671103,-0.17572080290585343,0.1,0.4,0.1,0.25,0.1
1753168855.5019345,0.2626338594922129,0.1991987177050743,0.2527122922772058,0.18885581750143177,0.7778245735763388,1.3627351926930404,0.7633495378235611,-4.441036963530208,-2.0925718198977945,-0.1727279646164237,0.1,0.4,0.1,0.25,0.1
1753168855.5614185,0.26514277775045764,0.19884683243281115,0.25537903352612745,0.18876637553358824,0.7867781152654144,1.3500244466919529,0.7539861189255207,-4.29243421214453,-2.4806912322046815,-0.18518909777452253,0.1,0.4,0.1,0.25,0.1
1753168855.6203206,0.2676419766257808,0.19843150237975343,0.25803891326579503,0.18861646062216308,0.7963579386373111,1.33658971146579,0.7453663245130578,-4.280150136903441,-2.636243449895929,-0.19017932119061232,0.1,0.4,0.1,0.25,0.1
1753168855.6798553,0.270129852008866,0.19795299412524947,0.2606888550224054,0.18840568180191253,0.8064061472006887,1.3227723333300985,0.7369862265589306,-4.493072956118947,-2.3239452647050753,-0.17690606304819514,0.1,0.4,0.1,0.25,0.1
1753168855.7388082,0.2726048070583735,0.19741161479953873,0.2633302100721925,0.1881323662831724,0.8168739936772108,1.3086602162012284,0.7287304341500545,-4.610818989434262,-2.2372341979464,-0.16914687309817705,0.1,0.4,0.1,0.25,0.1
1753168855.7979476,0.27506525322587205,0.19680771188662044,0.2659615631201487,0.1877963117386086,0.8276749812127858,1.2944407181903623,0.7203284508430171,-4.740185951207795,-2.0641331580979045,-0.1608153588004243,0.1,0.4,0.1,0.25,0.1
1753168855.8570988,0.2775096112754478,0.19614167300122126,0.2685828094744352,0.18739699138073967,0.8388689936695455,1.279944504552708,0.7120487696400627,-4.77517815123924,-2.208910994504953,-0.16367079817160846,0.1,0.4,0.1,0.25,0.1
1753168855.9162204,0.27993631229733584,0.1954139256400049,0.27119065021883465,0.18693521369069208,0.8502460769913122,1.2656707388124386,0.7031545099422886,-4.969515251439625,-1.7645467246414592,-0.1446361432401669,0.1,0.4,0.1,0.25,0.1
1753168855.975516,0.2823437987149238,0.1946249369071837,0.2737873979146371,0.18641003917612692,0.8616736569173676,1.2519446136371088,0.69316853820722,-5.087216167906975,-1.479460862631491,-0.13416840992416298,0.1,0.4,0.1,0.25,0.1
1753168856.0347836,0.284730525284482,0.19377521321470806,0.27637406223263394,0.18582150464808975,0.8732112833421977,1.2386105961301548,0.6823374934821945,-5.116556131141213,-1.6227784471783886,-0.13994519866284497,0.1,0.4,0.1,0.25,0.1
1753168856.094245,0.28709496008697677,0.19286529995722623,0.27894749382730716,0.18517128281036413,0.8849330048306667,1.225469715561424,0.6709736799984584,-5.151626936789302,-1.7996611844029167,-0.14588639611439366,0.1,0.4,0.1,0.25,0.1
1753168856.1549425,0.28943558551133186,0.19189578116202308,0.28150406634526787,0.1844608457275672,0.89690504939537,1.212338665105465,0.659359327368281,-5.19601436480958,-1.962247011120237,-0.15392254644449926,0.1,0.4,0.1,0.25,0.1
1753168856.2144454,0.29175089922850633,0.1908672791141625,0.28404084960300907,0.1836912060685881,0.9091382103375258,1.1991734084185381,0.6475664065910077,-5.2650307764423365,-2.002539192456168,-0.15784602009053014,0.1,0.4,0.1,0.25,0.1
1753168856.2738442,0.29403941515576343,0.18978045395707419,0.28655613494541593,0.182863012764922,0.9215650987736822,1.186141063183603,0.6353469021676587,-5.332266999635775,-1.8528072999838758,-0.15507803393164538,0.1,0.4,0.1,0.25,0.1
1753168856.3329663,0.2962996644105121,0.18863600326884084,0.2890499422504773,0.18197650325701228,0.9342517200500939,1.1730506305119361,0.6229964937011825,-5.397468252363954,-2.019535874837136,-0.1622034217420887,0.1,0.4,0.1,0.25,0.1
1753168856.3923116,0.2985301962531081,0.1874346616144582,0.29151907069219407,0.18103249095411303,0.9472313000651685,1.1597932994952713,0.6106875173325854,-5.47385653153707,-2.11231230215443,-0.1663795450818944,0.1,0.4,0.1,0.25,0.1
1753168856.4515805,0.30072957901801073,0.18617720007435498,0.29396102645833794,0.1800314687902858,0.9605299091120137,1.1462751829690003,0.5985688388104325,-5.562181695571963,-2.1949889400595586,-0.17115391436462438,0.1,0.4,0.1,0.25,0.1
1753168856.5102954,0.3028964010326962,0.1848644257494751,0.2963736161137968,0.17897389566956476,0.9741381628349525,1.1325000304692143,0.586639740680539,-5.6449250177543435,-2.1915298208858505,-0.1736437552542068,0.1,0.4,0.1,0.25,0.1
1753168856.5693274,0.30502927152373915,0.18349718124324077,0.2987555799620216,0.17786012675088153,0.9880191821098457,1.1185511629266593,0.5747771410688394,-5.717468705629729,-2.1198395439361684,-0.17469177989024123,0.1,0.4,0.1,0.25,0.1
1753168856.6282365,0.30712682150947923,0.18207634412072762,0.30110638004013907,0.17669065902922879,1.0021120402109025,1.1045858245180302,0.5627484670202053,-5.76520470023242,-1.9776768729839087,-0.17133229638519767,0.1,0.4,0.1,0.25,0.1
1753168856.686953,0.3091877046787017,0.1806028263454005,0.3034256460770701,0.17546603682856077,1.0164438496748058,1.0905102778741411,0.5507006979122052,-5.854851487211791,-2.062093141308793,-0.17706261411365995,0.1,0.4,0.1,0.25,0.1
1753168856.7456932,0.3112105982547663,0.17907757369376986,0.3057112330277522,0.17418687497399177,1.0310274194150373,1.0762635546796695,0.5387362487250348,-5.964161812661946,-2.123929555966176,-0.18142602247196488,0.1,0.4,0.1,0.25,0.1
1753168856.8044422,0.3131942038446304,0.17750156514834586,0.30796100444078767,0.17285410126770556,1.0458506840901645,1.0618615389157036,0.5268371735297651,-6.042364489001097,-2.1127614298880655,-0.18382562388412746,0.1,0.4,0.1,0.25,0.1
1753168856.864156,0.3151372482722222,0.1758758122692791,0.3101736052110724,0.17146842540016857,1.060905489236262,1.047310369305326,0.5149973100189265,-6.1221898936928545,-2.1133943903195824,-0.1883203196380653,0.1,0.4,0.1,0.25,0.1
1753168856.9232879,0.3170384843956279,0.17420135854509108,0.3123478563240184,0.17003064328841777,1.0761796788393778,1.0326262482438489,0.5031990506094217,-6.205262117437438,-2.1063171017141653,-0.1914741259343989,0.1,0.4,0.1,0.25,0.1
1753168856.9832604,0.31889669190756864,0.172479278722912,0.31448235854705425,0.16854170363495777,1.0916605079192996,1.017827548188339,0.4914183656385584,-6.294883361902755,-2.1050893234019763,-0.19745597785156638,0.1,0.4,0.1,0.25,0.1
1753168857.0438936,0.3207106781186548,0.17071067811865476,0.3165760434409023,0.16700285086973146,1.1073409033464239,1.0029276947756045,0.47963625070521976,-6.334476167292648,-2.0845848841311394,-0.19926706031209696,0.1,0.4,0.1,0.25,0.1
1753168857.1038783,0.322479278722912,0.16889669190756867,0.3186276562844872,0.165414332781081,1.1232082578016673,0.9879425780710211,0.4678337773100717,-6.439246298068414,-2.094897133661319,-0.20717568868215724,0.1,0.4,0.1,0.25,0.1
1753168857.1641119,0.3242013585450911,0.16703848439562785,0.32063609617498523,0.1637778357006985,1.1392506049808078,0.972898104499869,0.4559718206398285,-6.49547341708432,-2.0784034927930537,-0.212531310631535,0.1,0.4,0.1,0.25,0.1
1753168857.2296472,0.3258758122692791,0.16513724827222223,0.32260041913716253,0.16209430191840027,1.1554503540765706,0.9578369443980932,0.4439867848167539,-6.55208946421724,-2.052140471402609,-0.21828588409087937,0.1,0.4,0.1,0.25,0.1
1753168857.2932565,0.3275015651483459,0.1631942038446304,0.3245197248426471,0.16036499437421045,1.171816365508494,0.9427150064509697,0.4319507475736897,-6.654228340739099,-2.105365390411495,-0.22637682513986657,0.1,0.4,0.1,0.25,0.1
1753168857.353173,0.3290775736937699,0.1612105982547663,0.32639240539401504,0.15859102238599154,1.188345812480202,0.9275267706665006,0.4198742396246332,-6.736837672001341,-2.1256178607118152,-0.2346809480161887,0.1,0.4,0.1,0.25,0.1
1753168857.414124,0.3306028263454005,0.15918770467870175,0.32821730971248836,0.1567736307308087,1.205027843184648,0.9122936685274425,0.40772821049879127,-6.80055935026928,-2.1192635879436006,-0.2412333486929421,0.1,0.4,0.1,0.25,0.1
1753168857.4767132,0.3320763441207276,0.15712682150947926,0.3299932758602282,0.15491407795922774,1.221860735559738,0.8970095529751512,0.3955232548310564,-6.873828148773618,-2.138024445035903,-0.24972418474282762,0.1,0.4,0.1,0.25,0.1
1753168857.539671,0.33349718124324074,0.15502927152373913,0.33171916459394246,0.15301352145356598,1.2388445599574434,0.8816614142645933,0.383279628708954,-6.956699930543955,-2.167302432164053,-0.2599227025236485,0.1,0.4,0.1,0.25,0.1
1753168857.6027887,0.3348644257494751,0.15289640103269625,0.3333939295671063,0.15107325290738527,1.2559760713507584,0.8662506683526652,0.3709928818093259,-7.0207172211325295,-2.1808412556393963,-0.2699610315392606,0.1,0.4,0.1,0.25,0.1
1753168857.66486,0.336177200074355,0.15072957901801073,0.33501672641658314,0.14909450354841913,1.273251092031026,0.8507802957520189,0.35865925606392535,-7.085841763608225,-2.193245769433253,-0.2792624502431548,0.1,0.4,0.1,0.25,0.1
1753168857.7268183,0.33743466161445823,0.1485301962531081,0.33658650787367245,0.14707854425134564,1.290680332472469,0.8351925192354126,0.34637757753946447,-7.215412648929057,-2.2682305789110786,-0.28992530499544317,0.1,0.4,0.1,0.25,0.1
1753168857.789161,0.3386360032688408,0.14629966441051206,0.33810152491295503,0.1450266438792581,1.308259944391977,0.8194969325024196,0.3341233087382698,-7.258908257802147,-2.2741426544757655,-0.3023497920877504,0.1,0.4,0.1,0.25,0.1
1753168857.8499286,0.3397804539570742,0.14403941515576343,0.33956148417543675,0.14294001353777286,1.3259792717482035,0.8037154057026666,0.3218658712979252,-7.322952605889939,-2.278046344467804,-0.3130531424795938,0.1,0.4,0.1,0.25,0.1
1753168857.9094696,0.3408672791141625,0.1417508992285063,0.340965426464874,0.14082032191588478,1.3438346397481804,0.7878638785922287,0.30956090708347317,-7.355007593108737,-2.2836374509084574,-0.32955191090956826,0.1,0.4,0.1,0.25,0.1
1753168857.9722435,0.34189578116202307,0.13943558551133187,0.342313670180894,0.13866911087939,1.361810754442025,0.7719929118761939,0.2971305381469292,-7.352122125358914,-2.2434830350912147,-0.33595030715069946,0.1,0.4,0.1,0.25,0.1
1753168858.0340316,0.34286529995722625,0.13709496008697677,0.3436051612452929,0.13648762194811448,1.3799175321186485,0.756041575026216,0.28468887512663804,-7.4898837455234775,-2.322711968863967,-0.34525636074450483,0.1,0.4,0.1,0.25,0.1
1753168858.0963585,0.34377521321470805,0.13473052528448204,0.3448376027874009,0.13427705184781322,1.3981591403928562,0.7399952689058098,0.27224203488881454,-7.549380776355018,-2.359443860146697,-0.3631215118242264,0.1,0.4,0.1,0.25,0.1
1753168858.1586223,0.3446249369071837,0.13234379871492383,0.34601104068887073,0.13203892740183898,1.416530810540463,0.7238666862622606,0.2597637670507264,-7.589201404997505,-2.368549655543908,-0.3768939780685768,0.1,0.4,0.1,0.25,0.1
1753168858.2209282,0.3454139256400049,0.12993631229733582,0.34712493934740496,0.12977483914406887,1.4350271891352107,0.7076751598131905,0.24721434748316637,-7.610950671249344,-2.368464131549391,-0.39061597800095216,0.1,0.4,0.1,0.25,0.1
1753168858.2828088,0.34614167300122123,0.12750961127544783,0.3481788540385915,0.12748636170193708,1.4536427570062895,0.6914375612002768,0.23456097950450525,-7.643264001575315,-2.3750821858176088,-0.4048932116044217,0.1,0.4,0.1,0.25,0.1
1753168858.3441596,0.3468077118866204,0.1250652532258721,0.34917217001426,0.12517524972730162,1.4723803909629443,0.6751534105354119,0.22178587179314868,-7.653303205569345,-2.3849923132885973,-0.4196721862328743,0.1,0.4,0.1,0.25,0.1
1753168858.4058487,0.3474116147995387,0.12260480705837351,0.35010463066094705,0.12284280277499209,1.4912339915631152,0.6588336852656634,0.2088730705450735,-7.710919121188056,-2.4065007674079846,-0.4350348129212266,0.1,0.4,0.1,0.25,0.1
1753168858.4676547,0.34795299412524944,0.12012985200886603,0.35097524643261646,0.120491110726128,1.5102144659458032,0.6424480302000036,0.19584967607851342,-7.747941480749121,-2.4458119671062817,-0.4519878450359467,0.1,0.4,0.1,0.25,0.1
1753168858.5298424,0.3484315023797534,0.11764197662578084,0.3517837467386682,0.11812141118057712,1.5292533543332814,0.6264045135706701,0.18191548265788682,-7.105118763711164,-2.0229878196203637,-0.47563343696864735,0.1,0.4,0.1,0.25,0.1
1753168858.5917442,0.3488468324328111,0.11514277775045766,0.35253604046648834,0.11573829800130486,1.5484427091727457,0.6101946457424399,0.1680344307973174,-7.9059357679454,-2.561013291124699,-0.4759843216942677,0.1,0.4,0.1,0.25,0.1
1753168858.654698,0.3491987177050743,0.11263385949221291,0.35322246856474127,0.11333938151558547,1.5678733024859273,0.5932807391227187,0.15522663527419128,-8.832788438064567,-3.169772402278618,-0.488021174505332,0.1,0.4,0.1,0.25,0.1
1753168858.7173467,0.34948693233918954,0.11011683219874321,0.35383550907587813,0.11092210352391742,1.5875044937399292,0.5758885806514776,0.143034264237725,-8.541245003193206,-2.9820973293949495,-0.5214776952927389,0.1,0.4,0.1,0.25,0.1
1753168858.7799604,0.34971129134476475,0.10759331142252462,0.35438013257069767,0.10849068528731565,1.607314704460818,0.5581725480639024,0.13111960016644983,-8.298471895931392,-2.844399948821903,-0.5496112468044709,0.1,0.4,0.1,0.25,0.1
1753168858.842626,0.3498716507171053,0.10506491688387128,0.3548597411649382,0.10604854438673117,1.6272901165409646,0.5402479534431757,0.11922985058358836,-8.081809854914608,-2.72627926239468,-0.5683103388559441,0.1,0.4,0.1,0.25,0.1
1753168858.9045308,0.3499679075296431,0.1025332714313188,0.3552758300233203,0.10359824026852457,1.647433697514795,0.5221351531399299,0.10729356033745437,-8.014545018933047,-2.707341831478156,-0.5849509087349687,0.1,0.4,0.1,0.25,0.1
1753168858.96729,0.35,0.1,0.3556283717637729,0.10114158514853289,1.6677436245206123,0.5039256542272782,0.09507463918428119,-7.768954330449131,-2.5940069155762893,-0.6042100753739782,0.1,0.4,0.1,0.25,0.1
1753168859.029633,0.35,0.1,0.355918691221573,0.09868128514087249,1.6861214986792779,0.48763302934963726,0.0839277563820472,-23.95062247120868,-8.773164499348963,-1.6890325413685447,0.1,0.4,0.1,0.25,0.1
1753168859.0921984,0.3499679075296431,0.1025332714313188,0.3560969233498516,0.0964351845692401,1.6993929660716494,0.4762492600800679,0.07597994338328568,-49.10126954991895,-18.707598959142697,-3.502131121690923,0.1,0.4,0.1,0.25,0.1
1753168859.1548321,0.3498716507171053,0.10506491688387128,0.3561206388471005,0.0947309670688456,1.707124110169569,0.47036720178355174,0.07193582337475152,-50.0,-18.682741598298893,-3.2865823856139103,0.1,0.4,0.1,0.25,0.1
1753168859.21676,0.34971129134476475,0.10759331142252464,0.35596460908694694,0.09353793187207032,1.7091788291734795,0.4702372215815422,0.07192973542439575,-50.0,-18.5915542473533,-3.209501977285635,0.1,0.4,0.1,0.25,0.1
1753168859.27938,0.34948693233918954,0.11011683219874323,0.3556220424316535,0.09283431559237587,1.7058664835038593,0.47536735981670536,0.07564639243779375,-50.0,-19.18267374952187,-3.503804147456612,0.1,0.4,0.1,0.25,0.1
1753168859.3420155,0.3491987177050743,0.11263385949221293,0.35514100994181474,0.09263920347217341,1.697737086889985,0.4848494079226258,0.08255467393266348,-50.0,-20.10359873233686,-3.979619275051079,0.1,0.4,0.1,0.25,0.1
1753168859.4041736,0.3488468324328111,0.11514277775045767,0.35459303279236926,0.09299382051261063,1.6852802018371595,0.4981584250231936,0.09107530538980523,-50.0,-21.010101098868375,-4.6309235081096745,0.1,0.4,0.1,0.25,0.1
1753168859.4665554,0.3484315023797534,0.11764197662578085,0.3540673533317882,0.09396929706785487,1.6690827509384536,0.5143203561031885,0.1005580527650289,-50.0,-21.945020196869194,-5.137654283173604,0.1,0.4,0.1,0.25,0.1
1753168859.5282981,0.34795299412524944,0.12012985200886601,0.35363847612550114,0.09561497327430263,1.6498450209090885,0.5317264843206406,0.1118753753275598,-50.0,-22.889481826428774,-5.38696380622403,0.1,0.4,0.1,0.25,0.1
1753168859.5898316,0.3474116147995387,0.12260480705837348,0.353351459378745,0.09794289482594955,1.628228648583214,0.5501947471091037,0.1245365697822557,-40.15320351187051,-17.890641996813553,-4.15511828386177,0.1,0.4,0.1,0.25,0.1
1753168859.6511135,0.3468077118866204,0.12506525322587206,0.35312995135887465,0.10079593077847102,1.6054806889406015,0.5688024107501054,0.13812765322383444,-26.532414917992735,-11.612587664160552,-2.679738598446523,0.1,0.4,0.1,0.25,0.1
1753168859.7129197,0.34614167300122123,0.1275096112754478,0.3529264233131945,0.10395866133663714,1.5824467544081755,0.587081512941873,0.15226367444178532,-16.102008862897595,-6.6507186986517395,-1.494825755355435,0.1,0.4,0.1,0.25,0.1
1753168859.7751508,0.3454139256400049,0.1299363122973358,0.3526948551496155,0.10725752977554824,1.5596641102655067,0.6048490279717907,0.1666309804345128,-8.631869315458147,-3.0035404544046718,-0.6130375376572467,0.1,0.4,0.1,0.25,0.1
1753168859.837155,0.3446249369071837,0.13234379871492383,0.3523991724700211,0.11056339848412117,1.537428045314487,0.622106702623094,0.18098993751100476,-3.7878197437486074,-0.5636872350625137,-0.015002260278848177,0.1,0.4,0.1,0.25,0.1
1753168859.899834,0.34377521321470805,0.13473052528448204,0.35201362228076644,0.11378885797837958,1.5158642186281053,0.6389521324957772,0.19516478920506233,-1.055255579590139,0.8693024365575108,0.3412715566414111,0.1,0.4,0.1,0.25,0.1
1753168859.9616113,0.34286529995722625,0.13709496008697677,0.35152241666884515,0.11688190297113085,1.4949832914151289,0.6555234512007726,0.20903670328835627,0.07040539432221216,1.517308562785097,0.5080830711581378,0.1,0.4,0.1,0.25,0.1
1753168860.0235994,0.34189578116202307,0.13943558551133187,0.35091786263588837,0.11981858733998892,1.4747337004387413,0.671959063291185,0.22250233623862511,0.09966050467044477,1.5971949721468188,0.5287954124456211,0.1,0.4,0.1,0.25,0.1
1753168860.086076,0.3408672791141625,0.1417508992285063,0.35020032872332973,0.12259576950342266,1.4550529323832695,0.6882674683498723,0.23569147038430932,-0.7140206282334489,1.2015835609163048,0.4607107775860863,0.1,0.4,0.1,0.25,0.1
1753168860.1481628,0.3397804539570742,0.14403941515576343,0.3493733353360286,0.12522294564807276,1.4358485093354139,0.7044996032600133,0.24865604995191534,-1.8408115102367282,0.6601688101251055,0.3446898814245833,0.1,0.4,0.1,0.25,0.1
1753168860.210293,0.3386360032688408,0.1462996644105121,0.34844290770643827,0.1277178204719844,1.4170356791844405,0.7206839958647698,0.26142613561330796,-3.0683375616296846,0.03621938898461071,0.19962875462047497,0.1,0.4,0.1,0.25,0.1
1753168860.272238,0.33743466161445823,0.14853019625310812,0.3474181268902693,0.13010163629857519,1.3985325344756745,0.7368431461184342,0.2740283637253663,-4.283845992991569,-0.5843269786169266,0.05537954376536213,0.1,0.4,0.1,0.25,0.1
1753168860.334428,0.336177200074355,0.15072957901801076,0.34630789946324075,0.13239610012931802,1.380265477937714,0.7530206999921236,0.28641845743549027,-5.299644470678208,-1.104805547582579,-0.07561188444049297,0.1,0.4,0.1,0.25,0.1
1753168860.3974495,0.3348644257494751,0.15289640103269625,0.3451215507516005,0.13462082569958891,1.362195274499555,0.7691707311873195,0.29868919321341236,-6.193387584297158,-1.5993989518501401,-0.1810386810636033,0.1,0.4,0.1,0.25,0.1
1753168860.459505,0.33349718124324074,0.15502927152373913,0.3438662891931803,0.13679137117495274,1.3442920593162213,0.7852598794206291,0.3109036674400463,-6.864696629371518,-1.9756230206087402,-0.2604842600496193,0.1,0.4,0.1,0.25,0.1
1753168860.521901,0.3320763441207276,0.15712682150947924,0.3425480203414907,0.13891974600528567,1.3265336162565906,0.8012735607309833,0.323085496676663,-7.313410659414521,-2.2312187868733315,-0.31517411487552066,0.1,0.4,0.1,0.25,0.1
1753168860.5843985,0.3306028263454005,0.15918770467870175,0.3411715700051894,0.14101439595605514,1.3089087025186346,0.8171935329993516,0.3352606353165856,-7.593816885338915,-2.4022713179503343,-0.34831431518433953,0.1,0.4,0.1,0.25,0.1
1753168860.646905,0.3290775736937699,0.1612105982547663,0.33974053844110036,0.14308055426792152,1.2914175122581917,0.8329925246374476,0.3474669034704381,-7.7300948933515965,-2.5043831440342603,-0.3628006090223139,0.1,0.4,0.1,0.25,0.1
1753168860.7089055,0.3275015651483459,0.1631942038446304,0.3382574264575269,0.14512056083059394,1.27405409722095,0.8486831634817696,0.35968456046323816,-7.741796916582456,-2.519383443926699,-0.36219452935912017,0.1,0.4,0.1,0.25,0.1
1753168860.7710536,0.3258758122692791,0.1651372482722222,0.33672385714606295,0.14713497921073254,1.2568106304096394,0.8642983856569817,0.37186277902687126,-7.671365497398043,-2.4808198533855412,-0.35229409582773424,0.1,0.4,0.1,0.25,0.1
1753168860.832651,0.3242013585450911,0.16703848439562785,0.3351410200159385,0.14912306647433382,1.2397055443271663,0.8797933086787559,0.3840736169712946,-7.580730588460897,-2.4728953140064363,-0.3344563743744418,0.1,0.4,0.1,0.25,0.1
1753168860.894926,0.32247927872291204,0.16889669190756867,0.3335090383834778,0.15108230512169327,1.2227431207404025,0.895173930642599,0.39631091210538033,-7.452936601155285,-2.419411223311006,-0.31527912951574866,0.1,0.4,0.1,0.25,0.1
1753168860.9568958,0.3207106781186548,0.17071067811865476,0.3318282266128433,0.15301035724406464,1.2059259098412716,0.9104629414810054,0.40853875598121814,-7.273842551145832,-2.333126150253397,-0.292790709328194,0.1,0.4,0.1,0.25,0.1
1753168861.0189214,0.31889669190756864,0.172479278722912,0.3300990146870342,0.1549041842671795,1.1892523740737992,0.9256811354767589,0.420729094500449,-7.160728703156678,-2.280141250123029,-0.27674221452432846,0.1,0.4,0.1,0.25,0.1
1753168861.0811553,0.3170384843956279,0.17420135854509108,0.32832195374571044,0.1567619605002862,1.172728403641871,0.9408388263845362,0.43286636770562176,-6.992614673886314,-2.2074552717712788,-0.25549571128217896,0.1,0.4,0.1,0.25,0.1
1753168861.1444151,0.3151372482722222,0.17587581226927912,0.32649741438579527,0.1585806519107566,1.156358956963219,0.9559438861782059,0.4449374067546553,-6.856542071673124,-2.1550733998805014,-0.23936308858325697,0.1,0.4,0.1,0.25,0.1
1753168861.206733,0.3131942038446304,0.1775015651483459,0.32462610965376815,0.16035789659020805,1.1401473479456752,0.9710041953869192,0.45693302979061345,-6.739847371741399,-2.111013639466958,-0.22421860268411892,0.1,0.4,0.1,0.25,0.1
1753168861.2691104,0.31121059825476627,0.17907757369376986,0.3227085973262166,0.1620916824843035,1.1241027687607872,0.9860101562322086,0.46886657365342016,-6.633281204717612,-2.08730686384424,-0.2122966856357098,0.1,0.4,0.1,0.25,0.1
1753168861.331423,0.3091877046787017,0.1806028263454005,0.32074569558163457,0.16378013003834116,1.1082194151327813,1.0009976522623307,0.4806805680808713,-6.523529626311507,-2.034194819462284,-0.20221141420694427,0.1,0.4,0.1,0.25,0.1
1753168861.3950777,0.30712682150947923,0.18207634412072765,0.3187387238296109,0.16542182517972687,1.092498047654586,1.0159753894524222,0.49236427304944785,-6.44363617452339,-2.0108632545194842,-0.19274774592117055,0.1,0.4,0.1,0.25,0.1
1753168861.462011,0.30502927152373915,0.18349718124324074,0.31668855324924616,0.16701559604445146,1.0770077375902,1.0307583959176676,0.5041955954981869,-6.355317662398098,-2.1224498454988674,-0.1832280222842732,0.1,0.4,0.1,0.25,0.1
1753168861.5249293,0.3028964010326962,0.1848644257494751,0.3145948644678194,0.16855867710422084,1.0617553152917638,1.045345057098667,0.5161735995266579,-6.268961539720169,-2.1134809622192767,-0.17741253010347025,0.1,0.4,0.1,0.25,0.1
1753168861.592318,0.30072957901801073,0.18617720007435498,0.31245885385964484,0.1700501958217786,1.0467207629015858,1.0598095204633515,0.5281793442326392,-6.195029343499421,-2.059381240973013,-0.1750928905428947,0.1,0.4,0.1,0.25,0.1
1753168861.6551657,0.2985301962531081,0.1874346616144582,0.3102826651600507,0.17149010674249304,1.0318771015339194,1.0742432248221248,0.5400674462446895,-6.126371370466256,-1.9932866689245345,-0.17312945821234993,0.1,0.4,0.1,0.25,0.1
1753168861.7175124,0.2962996644105121,0.18863600326884084,0.30806866676295425,0.17287839699191176,1.0172244272937607,1.088659607531505,0.5518118230488358,-6.0524325407175725,-1.9793880247754392,-0.16981720488300986,0.1,0.4,0.1,0.25,0.1
1753168861.7798512,0.2940394151557635,0.18978045395707416,0.3058185023565821,0.1742143503782674,1.002763295128121,1.1030702714422518,0.5633914392749011,-5.977012244460099,-1.9642942731928832,-0.16531229413451,0.1,0.4,0.1,0.25,0.1
1753168861.8422167,0.29175089922850633,0.1908672791141625,0.30353359814577346,0.17549717265480802,0.9886006253677011,1.1172032142241806,0.5752136235208026,-5.831304805996241,-2.1357185433413757,-0.1568009316236939,0.1,0.4,0.1,0.25,0.1
1753168861.9047124,0.28943558551133186,0.19189578116202305,0.3012127468856426,0.17672382620298646,0.9747230754894165,1.1311148542757676,0.5871866641993396,-5.759910472489179,-2.0975312305525935,-0.15548375811388296,0.1,0.4,0.1,0.25,0.1
1753168861.9674695,0.28709496008697677,0.19286529995722623,0.29885795843616086,0.17789431380443735,0.9610901802393945,1.144929449227014,0.5991170435695405,-5.718422351990943,-2.01701936466151,-0.15528165500431584,0.1,0.4,0.1,0.25,0.1
1753168862.029444,0.284730525284482,0.19377521321470806,0.29647188269217795,0.17900918670865024,0.9476932566956896,1.158687781191726,0.6109341642851365,-5.646304559222645,-1.9874792449831338,-0.15435979430776314,0.1,0.4,0.1,0.25,0.1
1753168862.0923064,0.2823437987149238,0.1946249369071837,0.29405662909651653,0.18006803094989782,0.934552604905821,1.1723546947612908,0.6226863215001912,-5.5471080072096095,-2.0028549590017586,-0.14989522387736692,0.1,0.4,0.1,0.25,0.1
1753168862.1546474,0.2799363122973358,0.1954139256400049,0.2916131680005711,0.18106977342403863,0.9217990032611882,1.1856192426589875,0.6348355039486261,-5.3341270514214125,-2.2002725117146884,-0.1431251838448917,0.1,0.4,0.1,0.25,0.1
1753168862.2169127,0.2775096112754478,0.19614167300122126,0.2891398467790366,0.1820116169310158,0.9094843856329079,1.1983797011214004,0.6475239783002699,-5.194770120494233,-2.270654321552917,-0.14259004362742497,0.1,0.4,0.1,0.25,0.1
1753168862.2792528,0.27506525322587205,0.19680771188662044,0.28663738139865913,0.1828928300148619,0.8973894066552461,1.2112005089825604,0.6598951102648918,-5.381177611440231,-1.917041089450968,-0.15009591927632318,0.1,0.4,0.1,0.25,0.1
1753168862.3415983,0.2726048070583735,0.19741161479953873,0.28411307135815655,0.18371737404597693,0.8855052427819279,1.2241168166755076,0.671889828821699,-5.320285808234942,-1.888644006420177,-0.14728536802898573,0.1,0.4,0.1,0.25,0.1
1753168862.4050772,0.270129852008866,0.19795299412524947,0.28156872307392816,0.18448459377511633,0.8737901781692602,1.2372445732549993,0.6833222409111898,-5.295471353576917,-1.8074148321339425,-0.14764306655301637,0.1,0.4,0.1,0.25,0.1
1753168862.4682746,0.2676419766257808,0.19843150237975343,0.27900744754315016,0.18519407031742163,0.862295030685007,1.250473761030512,0.6943514210239967,-5.157751651817146,-1.868377866760368,-0.14258911169248023,0.1,0.4,0.1,0.25,0.1
1753168862.5332415,0.2651427777504577,0.19884683243281115,0.27642945402730557,0.18584407923097268,0.8508895169195951,1.264117842533173,0.7044982175187257,-5.29364288555039,-1.6739955106832114,-0.14630866865731462,0.1,0.4,0.1,0.25,0.1
1753168862.5984275,0.26263385949221296,0.1991987177050743,0.273839800662262,0.1864359272258068,0.8394996552470577,1.278351676517925,0.7134876725564794,-5.349711617885211,-1.5589368160648076,-0.14807822685744873,0.1,0.4,0.1,0.25,0.1
1753168862.6628284,0.2601168321987432,0.19948693233918952,0.27124223601431646,0.1869694212961802,0.828332094573069,1.2927045445803014,0.7220182298590215,-4.9748228422512195,-1.8427711389839805,-0.13865503284371733,0.1,0.4,0.1,0.25,0.1
1753168862.7278411,0.2575933114225246,0.19971129134476476,0.26863291622191315,0.18744062093664554,0.8174704573519034,1.3069976630788955,0.7303486727703729,-4.792625016942964,-1.96007348262096,-0.13731563246137657,0.1,0.4,0.1,0.25,0.1
1753168862.791483,0.2550649168838713,0.19987165071710528,0.26601146577438706,0.18784824156884955,0.806989117350927,1.3210809727053225,0.7386879861207336,-4.6197665843198115,-2.0691798133161545,-0.14138777535569194,0.1,0.4,0.1,0.25,0.1
1753168862.85862,0.25253327143131876,0.19996790752964305,0.2633784776038598,0.18819146300764752,0.796824658394769,1.3351085388960857,0.7468015539416455,-4.684478177305259,-1.979431023330429,-0.14140438295911928,0.1,0.4,0.1,0.25,0.1
1753168862.924499,0.25,0.2,0.260736608871682,0.18847137544962922,0.7868735896275905,1.3493163730550777,0.7543215046714697,-4.8348417990694115,-1.8467019200263617,-0.1473802927219204,0.1,0.4,0.1,0.25,0.1
1753168862.991169,0.2474667285686812,0.19996790752964305,0.258090322137126,0.18868944193218695,0.7778587045962084,1.3621698658984898,0.7635433447243716,-3.436729979863378,-2.8038456748280542,-0.13299105448433818,0.1,0.4,0.1,0.25,0.1
1753168863.0576684,0.24493508311612874,0.19987165071710528,0.2554240148829303,0.18883696601668132,0.7694850894494469,1.374334868859938,0.7734541639584805,-3.9546062511384266,-2.431745685560856,-0.1486490323965768,0.1,0.4,0.1,0.25,0.1
1753168863.1247835,0.24240668857747538,0.19971129134476476,0.2527472272403238,0.18891996868146033,0.7615774584629542,1.386205001136094,0.7834499721292968,-4.255569758009996,-2.208556620277211,-0.15575738942165854,0.1,0.4,0.1,0.25,0.1
1753168863.19133,0.2398831678012568,0.19948693233918952,0.25006612545540086,0.18894169422762094,0.7539550950110973,1.3981731766255656,0.7929230809388499,-4.572831237840353,-1.9761660307461124,-0.1622236423897098,0.1,0.4,0.1,0.25,0.1
1753168863.2591388,0.2373661405077871,0.1991987177050743,0.2473872297820056,0.18890427120385023,0.7458874061907275,1.4117446247967365,0.7995812730925722,-6.002524577538942,-1.0374691129629043,-0.17916928598785903,0.1,0.4,0.1,0.25,0.1
1753168863.3240187,0.2348572222495423,0.19884683243281115,0.24473067055204814,0.18881307295027297,0.7387199770025845,1.4241814630799747,0.8075356744958456,-3.190753622359201,-2.7153417220554257,-0.14977120350295287,0.1,0.4,0.1,0.25,0.1
1753168863.3892663,0.23235802337421915,0.19843150237975343,0.2420652413159461,0.18865383865882052,0.7323104953788176,1.4358049758775198,0.8162913421340602,-3.44537600668763,-2.5411538229746005,-0.15715751182580823,0.1,0.4,0.1,0.25,0.1
1753168863.4569178,0.229870147991134,0.19795299412524947,0.2393964110976304,0.18842981926493857,0.7265672299458522,1.4468286314171555,0.8255113934912419,-3.5933329906624496,-2.4212431945827393,-0.16164870617966065,0.1,0.4,0.1,0.25,0.1
1753168863.5237758,0.22739519294162652,0.19741161479953873,0.23672840414098084,0.1881429913936799,0.7204469781705622,1.4593016516415451,0.8320884176143267,-5.858343594915935,-1.1674972896037088,-0.17843058671335338,0.1,0.4,0.1,0.25,0.1
1753168863.5907648,0.22493474677412795,0.19680771188662044,0.23408784640681574,0.18780192408941518,0.7140878224502523,1.4729399217489019,0.8364211600367497,-5.528028253142276,-1.3213853617259854,-0.1757451337653621,0.1,0.4,0.1,0.25,0.1
1753168863.658511,0.2224903887245522,0.19614167300122126,0.2314732629171793,0.18740255416952492,0.7078305867547428,1.487076254613222,0.8394961712535782,-4.763827131574106,-1.7270504741731754,-0.1682039091994675,0.1,0.4,0.1,0.25,0.1
1753168863.7253497,0.2200636877026642,0.1954139256400049,0.22887773721750287,0.18694124869503337,0.7018624710988302,1.5013544228641988,0.8418301306029337,-4.335060543872041,-1.9552609953463413,-0.16755147555248345,0.1,0.4,0.1,0.25,0.1
1753168863.792403,0.21765620128507618,0.1946249369071837,0.22629854363569835,0.186416521343938,0.6963434013202932,1.5154765502259424,0.8438558992609482,-3.9716853115069117,-2.1602691435604617,-0.16870092339655168,0.1,0.4,0.1,0.25,0.1
1753168863.856289,0.215269474715518,0.19377521321470806,0.22373365396393302,0.18582792869896025,0.6915238629295476,1.5289816814825927,0.8462610573517774,-3.40180267738277,-2.4805638277504447,-0.16896381355117085,0.1,0.4,0.1,0.25,0.1
1753168863.9207935,0.21290503991302323,0.19286529995722623,0.22117882738358235,0.18517528070595052,0.6874769391574239,1.5417486325382685,0.8492142074310749,-3.2333678995150157,-2.5929717080088035,-0.17497644393285627,0.1,0.4,0.1,0.25,0.1
1753168863.9852042,0.21056441448866814,0.19189578116202308,0.21863457222879187,0.18445986859967012,0.6841643698359962,1.5538630291434905,0.8525646954984476,-3.3229875215087636,-2.571601585056184,-0.18331774780586163,0.1,0.4,0.1,0.25,0.1
1753168864.0495899,0.20824910077149367,0.19086727911416249,0.21610430303570502,0.18368358101070867,0.6814564362221615,1.5655738823600418,0.8559172815806154,-3.6236515290303357,-2.4240846954383706,-0.1854365677366049,0.1,0.4,0.1,0.25,0.1
1753168864.1144824,0.20596058484423657,0.18978045395707416,0.21359263440899312,0.18284834498874736,0.6794311693550049,1.5767507586499099,0.8594482316514479,-3.438629182729546,-2.5312789160646685,-0.19030149060302173,0.1,0.4,0.1,0.25,0.1
1753168864.1796112,0.2037003355894879,0.18863600326884084,0.21110012688788843,0.1819547963433396,0.6778729989999978,1.587785134277738,0.8625373680785402,-3.963297138301637,-2.289231321382071,-0.19391277017558065,0.1,0.4,0.1,0.25,0.1
1753168864.2441583,0.2014698037468919,0.18743466161445824,0.20863368258006876,0.18100496868842314,0.6768660425357104,1.5985350191610408,0.8653786474127743,-3.754052681334979,-2.38650859994725,-0.19483657334582855,0.1,0.4,0.1,0.25,0.1
1753168864.3088794,0.19927042098198924,0.18617720007435495,0.20619325355165466,0.17999860002672474,0.6764587669370747,1.6089212507656352,0.8680684999883951,-3.638929654875036,-2.4499540972420113,-0.19779690373645792,0.1,0.4,0.1,0.25,0.1
1753168864.373313,0.19710359896730376,0.1848644257494751,0.20377988480708448,0.17893597151638257,0.6767530164613467,1.6187689299131611,0.8708592599515109,-3.4028080572034196,-2.576765814942984,-0.1959700592970492,0.1,0.4,0.1,0.25,0.1
1753168864.437396,0.19497072847626087,0.18349718124324074,0.2013926803097888,0.17781782503024593,0.6778045602772326,1.6279855750781245,0.8738702627927503,-3.2798895047610257,-2.6559697683571715,-0.1988194552439447,0.1,0.4,0.1,0.25,0.1
1753168864.5015137,0.1928731784905208,0.18207634412072765,0.1990325593354912,0.1766451702326311,0.6796385970991426,1.6365317720216719,0.8771427995505082,-3.2285103890702658,-2.6910184294993758,-0.1985688280790638,0.1,0.4,0.1,0.25,0.1
1753168864.565397,0.1908122953212983,0.18060282634540054,0.19670072631166288,0.17541914081579826,0.6822589273716603,1.6444041211692637,0.8806640078027121,-3.227829568440238,-2.6948564711086735,-0.1963748710342855,0.1,0.4,0.1,0.25,0.1
1753168864.6284714,0.18878940174523373,0.1790775736937699,0.1943986534805347,0.17414085040741856,0.685675508766974,1.6515851320240011,0.8844426175144937,-3.2200080362201073,-2.710383818025128,-0.19400265947682316,0.1,0.4,0.1,0.25,0.1
1753168864.6922605,0.1868057961553696,0.1775015651483459,0.19212772516015683,0.17281158874476038,0.6898638833296722,1.6581140610287628,0.8883955045040194,-3.298275319144736,-2.6869223807227165,-0.19350943430416168,0.1,0.4,0.1,0.25,0.1
1753168864.7554646,0.18486275172777777,0.17587581226927912,0.18989047369972104,0.17143246090363307,0.6947732575934805,1.664071041666502,0.8923802887358574,-3.4426985627048254,-2.625991531312943,-0.18931416985577476,0.1,0.4,0.1,0.25,0.1
1753168864.818701,0.18296151560437218,0.1742013585450911,0.18768951302031078,0.1700044370569393,0.7007246756028593,1.668918261947142,0.8972011464700768,-2.6629746022123584,-3.010735277488904,-0.1916032380632246,0.1,0.4,0.1,0.25,0.1
1753168864.8815887,0.18110330809243136,0.17247927872291202,0.1855201849272737,0.16852870098714146,0.707463283091612,1.6730686174218201,0.9022087074543156,-3.318470451613817,-2.7026188611426125,-0.18139912116682738,0.1,0.4,0.1,0.25,0.1
1753168864.9449594,0.17928932188134525,0.17071067811865476,0.18338903202534435,0.16700675008470592,0.7148724172173838,1.6767003404542675,0.9071128120284757,-3.6371404630657986,-2.5619310253334713,-0.17263525160646367,0.1,0.4,0.1,0.25,0.1
1753168865.0092196,0.17752072127708798,0.16889669190756865,0.1812996956202484,0.16543938268331648,0.7228805690834452,1.6799138655123647,0.9117430532799335,-3.8463939619573244,-2.4751309796871315,-0.16387699306941617,0.1,0.4,0.1,0.25,0.1
1753168865.0731688,0.17579864145490892,0.16703848439562785,0.1792547718934922,0.16382701510263653,0.7314231084498221,1.6827944942744055,0.9159528105555785,-4.044648690510129,-2.4001129393245777,-0.1550583132937723,0.1,0.4,0.1,0.25,0.1
1753168865.1368825,0.17412418773072091,0.16513724827222223,0.17725666231546938,0.16216988769025817,0.7424367007909887,1.6822341064567454,0.9244402241037126,0.8777240606806879,-4.642134952681526,-0.2083934775042256,0.1,0.4,0.1,0.25,0.1
1753168865.2012355,0.17249843485165411,0.1631942038446304,0.17527291370327194,0.16047189656030528,0.7548805707557066,1.6798639703887073,0.93472176977273,-1.8182651042182743,-3.4308012555683494,-0.1628866296978012,0.1,0.4,0.1,0.25,0.1
1753168865.265455,0.17092242630623017,0.1612105982547663,0.17332400438369308,0.158739201327242,0.7680436281304697,1.6767872426431643,0.945113665038132,-3.6587788340428595,-2.5855226163561085,-0.12436709125408703,0.1,0.4,0.1,0.25,0.1
1753168865.3292162,0.1693971736545995,0.15918770467870172,0.17142358633408905,0.15697270728726093,0.7813995566948567,1.6738090831373242,0.9543859901181753,-5.028805423301439,-1.9635808181891816,-0.09327103002272408,0.1,0.4,0.1,0.25,0.1
1753168865.3929513,0.16792365587927238,0.15712682150947924,0.16958141191528425,0.15516973134789094,0.7946426646271217,1.6713832586937278,0.961844713855353,-5.843767072325856,-1.6059235605783997,-0.06996191902573283,0.1,0.4,0.1,0.25,0.1
1753168865.457014,0.16650281875675926,0.15502927152373916,0.1678027160977874,0.15332625134017064,0.8077817727915759,1.6694650885964437,0.9675511268011511,-5.878014712290962,-1.6230486002461244,-0.057326144076571675,0.1,0.4,0.1,0.25,0.1
1753168865.5215504,0.1651355742505249,0.15289640103269628,0.16608726432368448,0.1514399073034937,0.8207903594498784,1.668062706687946,0.971485122414,-6.018619381288823,-1.6151895796245963,-0.046433311947151744,0.1,0.4,0.1,0.25,0.1
1753168865.5851376,0.16382279992564505,0.15072957901801076,0.16443581780116412,0.1495089674832108,0.8334319456707473,1.6675126075618183,0.9731360092701439,-6.701675848379073,-1.3736945218455474,-0.02797317743615378,0.1,0.4,0.1,0.25,0.1
1753168865.647918,0.16256533838554177,0.14853019625310812,0.1628521993951353,0.14753082493562622,0.8456572024698653,1.667861669534305,0.9724282740340221,-6.917241022797437,-1.3475256874938886,-0.01690616385582072,0.1,0.4,0.1,0.25,0.1
1753168865.7105486,0.1613639967311592,0.1462996644105121,0.16133727214067384,0.1455043364379338,0.8569890716906795,1.6698412876482271,0.968243726793238,-8.190269400645995,-0.8190350783200526,0.0003416294070620468,0.1,0.4,0.1,0.25,0.1
1753168865.773292,0.16021954604292582,0.14403941515576346,0.1598991339582914,0.14342416161368748,0.8689769329996452,1.6709495637267053,0.9643836609990067,-4.532915460472956,-2.722329586936504,-0.02382796663147892,0.1,0.4,0.1,0.25,0.1
1753168865.8360171,0.15913272088583752,0.1417508992285063,0.1585134725772996,0.14130925087791013,0.8817334477738673,1.6709507633138396,0.9612208600479436,-4.363881601043476,-2.9149812527425274,-0.016516389958260123,0.1,0.4,0.1,0.25,0.1
1753168865.8981714,0.15810421883797693,0.13943558551133187,0.1571794258450835,0.13916458095608608,0.8946748617434452,1.670736873528698,0.9574043122836947,-5.848814801103072,-2.2329788944770343,0.0036651456742240905,0.1,0.4,0.1,0.25,0.1
1753168865.9609597,0.1571347000427738,0.1370949600869768,0.15590712760508413,0.13698556185073765,0.9089892780049744,1.6683538961771667,0.9558978620369328,-3.0595829411627125,-3.7467954557374212,-0.029888121377386438,0.1,0.4,0.1,0.25,0.1
1753168866.022856,0.15622478678529195,0.134730525284482,0.1546805687274445,0.13478696627466144,0.9244476413242939,1.664107542902645,0.9562515397739334,-3.6657283617348115,-3.4861047650299364,-0.013351415145565551,0.1,0.4,0.1,0.25,0.1
1753168866.0863974,0.1553750630928163,0.1323437987149238,0.1535041361818606,0.13256949542990892,0.9399686433633214,1.6596931332159301,0.9559190116291001,-6.323106418637755,-2.1373882855608275,0.041026857178604555,0.1,0.4,0.1,0.25,0.1
1753168866.149427,0.1545860743599951,0.12993631229733582,0.15239316116029206,0.1303239152680178,0.9553370856297366,1.6554407820418584,0.9544069824976514,-6.878022864343096,-1.8541260585992567,0.05933821681031882,0.1,0.4,0.1,0.25,0.1
1753168866.2137785,0.15385832699877877,0.12750961127544783,0.1513504023243454,0.12804727429692803,0.970666375773538,1.6511416506235101,0.9520386766331681,-6.682126382182151,-2.0147470138580186,0.06360583394173583,0.1,0.4,0.1,0.25,0.1
1753168866.2799556,0.1531922881133796,0.1250652532258721,0.1503745974322659,0.12574136922934465,0.985891740525977,1.6468766186393062,0.9487089741761614,-6.906177555207827,-1.9391242504244302,0.07931898039222765,0.1,0.4,0.1,0.25,0.1
1753168866.3451047,0.1525883852004613,0.12260480705837348,0.14946623447043275,0.12340666750985403,1.0008764021786505,1.6428540846092996,0.9441126105150799,-7.288046813110818,-1.7670064664991536,0.09212516902910249,0.1,0.4,0.1,0.25,0.1
1753168866.4098666,0.15204700587475056,0.12012985200886603,0.14862726997935694,0.12104207444537024,1.015425960523437,1.639387948076079,0.9377820263518121,-7.800002104097764,-1.5162171012866437,0.10437189804532944,0.1,0.4,0.1,0.25,0.1
1753168866.4730673,0.1515684976202466,0.11764197662578087,0.14786064462916657,0.11864568317757401,1.029767968393221,1.6360799777338597,0.9303380436365213,-7.375347077612828,-1.844960626415649,0.10456532516843772,0.1,0.4,0.1,0.25,0.1
1753168866.5367546,0.15115316756718886,0.1151427777504577,0.14716365348302254,0.11622278933364596,1.043897646499585,1.6329215037514504,0.9218097569512453,-7.46660084129407,-1.8561363355432574,0.11053407509151247,0.1,0.4,0.1,0.25,0.1
1753168866.5992515,0.1508012822949257,0.11263385949221297,0.14653679575062664,0.1137754303596469,1.058180084999361,1.62925680162994,0.9132160830076756,-6.763504754690429,-2.4063467170865995,0.10279449336891072,0.1,0.4,0.1,0.25,0.1
1753168866.6623797,0.1505130676608105,0.11011683219874328,0.1459759679335682,0.11131183763288638,1.0727738809314304,1.624772942528166,0.9050542995325181,-6.504722739109624,-2.6700983986775295,0.0992873994250854,0.1,0.4,0.1,0.25,0.1
1753168866.725342,0.15028870865523525,0.10759331142252461,0.14547976495711945,0.10883665715366495,1.087660618997174,1.619467062420265,0.897351164552133,-6.604747413339686,-2.6585975580414125,0.10451074020830989,0.1,0.4,0.1,0.25,0.1
1753168866.7885232,0.1501283492828947,0.10506491688387126,0.14504836904856408,0.10635132171122426,1.1027258568623948,1.6135119981410422,0.8898650429475862,-6.8997524821133585,-2.494740681678009,0.11455211914319124,0.1,0.4,0.1,0.25,0.1
1753168866.852206,0.15003209247035693,0.1025332714313188,0.1446829698077648,0.10385564205053552,1.1178376211741994,1.6071232485937539,0.8822884126255213,-7.219216791896705,-2.289839947386546,0.12654183172451305,0.1,0.4,0.1,0.25,0.1
1753168866.9145322,0.15,0.10000000000000002,0.14438474163154025,0.1013489504894744,1.1329592586388781,1.600347013604665,0.8745701410482146,-7.357090087326869,-2.2431934631016848,0.1318951495451307,0.1,0.4,0.1,0.25,0.1
